{
  "title": "Overview",
  "outline": [
    {
      "level": "H1",
      "text": "Overview",
      "page": 1
    },
    {
      "level": "H1",
      "text": "Foundation Level Extensions",
      "page": 1
    },
    {
      "level": "H3",
      "text": "Version 1.0",
      "page": 1
    },
    {
      "level": "H2",
      "text": "International Software Testing Qualifications Board",
      "page": 1
    },
    {
      "level": "H3",
      "text": "Copyright Notice",
      "page": 1
    },
    {
      "level": "H3",
      "text": "This document may be copied in its entirety, or extracts made, if the source is acknowledged.",
      "page": 1
    },
    {
      "level": "H3",
      "text": "International",
      "page": 2
    },
    {
      "level": "H3",
      "text": "Overview",
      "page": 2
    },
    {
      "level": "H3",
      "text": "Software Testing",
      "page": 2
    },
    {
      "level": "H3",
      "text": "Foundation Level Extension \u2013",
      "page": 2
    },
    {
      "level": "H3",
      "text": "Agile Tester",
      "page": 2
    },
    {
      "level": "H3",
      "text": "Qualifications",
      "page": 2
    },
    {
      "level": "H3",
      "text": "Board",
      "page": 2
    },
    {
      "level": "H3",
      "text": "Copyright \u00a9 International Software Testing Qualifications Board (hereinafter called ISTQB\u00ae).",
      "page": 2
    },
    {
      "level": "H3",
      "text": "Version 2014",
      "page": 2
    },
    {
      "level": "H3",
      "text": "Page 2 of 12",
      "page": 2
    },
    {
      "level": "H3",
      "text": "May 31, 2014",
      "page": 2
    },
    {
      "level": "H4",
      "text": "\u00a9 International Software Testing Qualifications Board",
      "page": 2
    },
    {
      "level": "H3",
      "text": "Qualifications Board",
      "page": 3
    },
    {
      "level": "H3",
      "text": "International",
      "page": 3
    },
    {
      "level": "H3",
      "text": "Overview",
      "page": 3
    },
    {
      "level": "H3",
      "text": "Software Testing",
      "page": 3
    },
    {
      "level": "H3",
      "text": "Foundation Level Extension \u2013",
      "page": 3
    },
    {
      "level": "H3",
      "text": "Agile Tester",
      "page": 3
    },
    {
      "level": "H2",
      "text": "Revision History",
      "page": 3
    },
    {
      "level": "H3",
      "text": "Version",
      "page": 3
    },
    {
      "level": "H3",
      "text": "Date",
      "page": 3
    },
    {
      "level": "H3",
      "text": "Remarks",
      "page": 3
    },
    {
      "level": "H3",
      "text": "18 JUNE 2013",
      "page": 3
    },
    {
      "level": "H3",
      "text": "Initial version",
      "page": 3
    },
    {
      "level": "H3",
      "text": "23 JULY 2013",
      "page": 3
    },
    {
      "level": "H3",
      "text": "WG reviewed and confirmed",
      "page": 3
    },
    {
      "level": "H3",
      "text": "6 NOV 2013",
      "page": 3
    },
    {
      "level": "H3",
      "text": "amended population and diagram",
      "page": 3
    },
    {
      "level": "H3",
      "text": "11 DEC 2013",
      "page": 3
    },
    {
      "level": "H3",
      "text": "Amended Business Outcomes and Chapters matching",
      "page": 3
    },
    {
      "level": "H3",
      "text": "20 DEC 2013",
      "page": 3
    },
    {
      "level": "H3",
      "text": "Working group updates on 0.7",
      "page": 3
    },
    {
      "level": "H3",
      "text": "31 MAY 2014",
      "page": 3
    },
    {
      "level": "H3",
      "text": "GA release for Agile Extension",
      "page": 3
    },
    {
      "level": "H3",
      "text": "Version 2014",
      "page": 3
    },
    {
      "level": "H3",
      "text": "Page 3 of 12",
      "page": 3
    },
    {
      "level": "H3",
      "text": "May 31, 2014",
      "page": 3
    },
    {
      "level": "H4",
      "text": "\u00a9 International Software Testing Qualifications Board",
      "page": 3
    },
    {
      "level": "H3",
      "text": "..........................................................................................................................................",
      "page": 4
    },
    {
      "level": "H3",
      "text": "........................................................................................................................................",
      "page": 4
    },
    {
      "level": "H3",
      "text": "............................................................................",
      "page": 4
    },
    {
      "level": "H3",
      "text": "...............................................................",
      "page": 4
    },
    {
      "level": "H3",
      "text": ".....................................................................................................................",
      "page": 4
    },
    {
      "level": "H3",
      "text": "............................................................................................................",
      "page": 4
    },
    {
      "level": "H3",
      "text": "...................................................................................................................",
      "page": 4
    },
    {
      "level": "H3",
      "text": "...................................................................................................",
      "page": 4
    },
    {
      "level": "H3",
      "text": "......................................................................................................................",
      "page": 4
    },
    {
      "level": "H3",
      "text": ".........................................",
      "page": 4
    },
    {
      "level": "H3",
      "text": ".................................................................................................................",
      "page": 4
    },
    {
      "level": "H3",
      "text": "....................................................................................................................................",
      "page": 4
    },
    {
      "level": "H3",
      "text": ".............................................................................................................................",
      "page": 4
    },
    {
      "level": "H3",
      "text": ".......................................................................................................",
      "page": 4
    },
    {
      "level": "H3",
      "text": "International",
      "page": 4
    },
    {
      "level": "H3",
      "text": "Overview",
      "page": 4
    },
    {
      "level": "H3",
      "text": "Software Testing",
      "page": 4
    },
    {
      "level": "H3",
      "text": "Foundation Level Extension \u2013",
      "page": 4
    },
    {
      "level": "H3",
      "text": "Agile Tester",
      "page": 4
    },
    {
      "level": "H3",
      "text": "Qualifications",
      "page": 4
    },
    {
      "level": "H3",
      "text": "Board",
      "page": 4
    },
    {
      "level": "H2",
      "text": "Table of Contents",
      "page": 4
    },
    {
      "level": "H3",
      "text": "Revision History",
      "page": 4
    },
    {
      "level": "H3",
      "text": "Table of Contents",
      "page": 4
    },
    {
      "level": "H3",
      "text": "Introduction to the Foundation Level Extensions",
      "page": 4
    },
    {
      "level": "H3",
      "text": "Introduction to Foundation Level Agile Tester Extension",
      "page": 4
    },
    {
      "level": "H3",
      "text": "Intended Audience",
      "page": 4
    },
    {
      "level": "H3",
      "text": "Career Paths for Testers",
      "page": 4
    },
    {
      "level": "H3",
      "text": "Learning Objectives",
      "page": 4
    },
    {
      "level": "H3",
      "text": "Entry Requirements",
      "page": 4
    },
    {
      "level": "H3",
      "text": "Structure and Course Duration",
      "page": 4
    },
    {
      "level": "H3",
      "text": "Keeping It Current",
      "page": 4
    },
    {
      "level": "H3",
      "text": "Overview of the Foundation Level Extension \u2013",
      "page": 4
    },
    {
      "level": "H3",
      "text": "Agile Tester Syllabus",
      "page": 4
    },
    {
      "level": "H3",
      "text": "Business Outcomes",
      "page": 4
    },
    {
      "level": "H3",
      "text": "Content",
      "page": 4
    },
    {
      "level": "H3",
      "text": "References",
      "page": 4
    },
    {
      "level": "H3",
      "text": "Trademarks",
      "page": 4
    },
    {
      "level": "H3",
      "text": "Documents and Web Sites",
      "page": 4
    },
    {
      "level": "H3",
      "text": "Version 2014",
      "page": 4
    },
    {
      "level": "H3",
      "text": "Page 4 of 12",
      "page": 4
    },
    {
      "level": "H3",
      "text": "May 31, 2014",
      "page": 4
    },
    {
      "level": "H4",
      "text": "\u00a9 International Software Testing Qualifications Board",
      "page": 4
    },
    {
      "level": "H3",
      "text": "International",
      "page": 5
    },
    {
      "level": "H3",
      "text": "Overview",
      "page": 5
    },
    {
      "level": "H3",
      "text": "Software Testing",
      "page": 5
    },
    {
      "level": "H3",
      "text": "Foundation Level Extension \u2013",
      "page": 5
    },
    {
      "level": "H3",
      "text": "Agile Tester",
      "page": 5
    },
    {
      "level": "H3",
      "text": "Qualifications",
      "page": 5
    },
    {
      "level": "H3",
      "text": "Board",
      "page": 5
    },
    {
      "level": "H2",
      "text": "Acknowledgements",
      "page": 5
    },
    {
      "level": "H3",
      "text": "This document was produced by a team from the International Software Testing Qualifications Board",
      "page": 5
    },
    {
      "level": "H3",
      "text": "Foundation Level Working Group.",
      "page": 5
    },
    {
      "level": "H3",
      "text": "The Agile Extension team thanks the review team and the National Boards for their suggestions and input.",
      "page": 5
    },
    {
      "level": "H3",
      "text": "At the time the Foundation Level Agile Extension Syllabus was completed, the Agile Extension Working",
      "page": 5
    },
    {
      "level": "H3",
      "text": "Group had the following membership: Rex Black (Chair), Bertrand Cornanguer (Vice Chair), Gerry",
      "page": 5
    },
    {
      "level": "H3",
      "text": "Coleman (Learning Objectives Lead), Debra Friedenberg (Exam Lead), Alon Linetzki (Business Outcomes",
      "page": 5
    },
    {
      "level": "H3",
      "text": "and Marketing Lead), Tauhida Parveen (Editor), and Leo van der Aalst (Development Lead).",
      "page": 5
    },
    {
      "level": "H3",
      "text": "Authors: Rex Black, Anders Claesson, Gerry Coleman, Bertrand Cornanguer, Istvan Forgacs, Alon",
      "page": 5
    },
    {
      "level": "H3",
      "text": "Linetzki, Tilo Linz, Leo van der Aalst, Marie Walsh, and Stephan Weber.",
      "page": 5
    },
    {
      "level": "H3",
      "text": "Internal Reviewers: Mette Bruhn-Pedersen, Christopher Clements, Alessandro Collino, Debra",
      "page": 5
    },
    {
      "level": "H3",
      "text": "Friedenberg, Kari Kakkonen, Beata Karpinska, Sammy Kolluru, Jennifer Leger, Thomas Mueller, Tuula",
      "page": 5
    },
    {
      "level": "H3",
      "text": "P\u00e4\u00e4kk\u00f6nen, Meile Posthuma, Gabor Puhalla, Lloyd Roden, Marko Rytk\u00f6nen, Monika Stoecklein-Olsen,",
      "page": 5
    },
    {
      "level": "H3",
      "text": "Robert Treffny, Chris Van Bael, and Erik van Veenendaal.",
      "page": 5
    },
    {
      "level": "H3",
      "text": "The team thanks also the following persons, from the National Boards and the Agile expert community,",
      "page": 5
    },
    {
      "level": "H3",
      "text": "who participated in reviewing, commenting, and balloting of the Foundation Agile Extension Syllabus: Dani",
      "page": 5
    },
    {
      "level": "H3",
      "text": "Almog, Richard Berns, Stephen Bird, Monika B\u00f6gge, Afeng Chai, Josephine Crawford, Tibor Cs\u00f6ndes,",
      "page": 5
    },
    {
      "level": "H3",
      "text": "Huba Demeter, Arnaud Foucal, Cyril Fumery, Kobi Halperin, Inga Hansen, Hanne Hinz, Jidong Hu, Phill",
      "page": 5
    },
    {
      "level": "H3",
      "text": "Isles, Shirley Itah, Martin Klonk, Kjell Lauren, Igal Levi, Rik Marselis, Johan Meivert, Armin Metzger, Peter",
      "page": 5
    },
    {
      "level": "H3",
      "text": "Morgan,",
      "page": 5
    },
    {
      "level": "H3",
      "text": "Ninna Morin,",
      "page": 5
    },
    {
      "level": "H3",
      "text": "Ingvar Nordstrom,",
      "page": 5
    },
    {
      "level": "H3",
      "text": "Chris",
      "page": 5
    },
    {
      "level": "H3",
      "text": "O\u2019Dea,",
      "page": 5
    },
    {
      "level": "H3",
      "text": "Klaus",
      "page": 5
    },
    {
      "level": "H3",
      "text": "Olsen, Ismo",
      "page": 5
    },
    {
      "level": "H3",
      "text": "Paukamainen,",
      "page": 5
    },
    {
      "level": "H3",
      "text": "Nathalie Phung,",
      "page": 5
    },
    {
      "level": "H3",
      "text": "Helmut Pichler, Salvatore Reale, Stuart Reid, Hans Rombouts, Petri S\u00e4ilynoja, Soile Sainio, Lars-Erik",
      "page": 5
    },
    {
      "level": "H3",
      "text": "Sandberg, Dakar Shalom,  Jian Shen, Marco Sogliani, Lucjan Stapp, Yaron Tsubery, Sabine Uhde,",
      "page": 5
    },
    {
      "level": "H3",
      "text": "Stephanie Ulrich, Tommi V\u00e4lim\u00e4ki, Jurian Van de Laar, Marnix Van den Ent, Ant\u00f3nio Vieira Melo, Wenye",
      "page": 5
    },
    {
      "level": "H3",
      "text": "Xu, Ester Zabar, Wenqiang Zheng, Peter Zimmerer, Stevan Zivanovic, and Terry Zuo.",
      "page": 5
    },
    {
      "level": "H3",
      "text": "This document was formally approved for release by the General Assembly of the ISTQB\u00ae on May 31,",
      "page": 5
    },
    {
      "level": "H3",
      "text": "2014.",
      "page": 5
    },
    {
      "level": "H3",
      "text": "Version 2014",
      "page": 5
    },
    {
      "level": "H3",
      "text": "Page 5 of 12",
      "page": 5
    },
    {
      "level": "H3",
      "text": "May 31, 2014",
      "page": 5
    },
    {
      "level": "H4",
      "text": "\u00a9 International Software Testing Qualifications Board",
      "page": 5
    },
    {
      "level": "H3",
      "text": "Qualifications Board",
      "page": 6
    },
    {
      "level": "H3",
      "text": "International",
      "page": 6
    },
    {
      "level": "H3",
      "text": "Overview",
      "page": 6
    },
    {
      "level": "H3",
      "text": "Software Testing",
      "page": 6
    },
    {
      "level": "H3",
      "text": "Foundation Level Extension \u2013",
      "page": 6
    },
    {
      "level": "H3",
      "text": "Agile Tester",
      "page": 6
    },
    {
      "level": "H2",
      "text": "Introduction to the Foundation Level Extensions",
      "page": 6
    },
    {
      "level": "H3",
      "text": "This overview document is intended for anyone with an interest in the ISTQB Foundation Level",
      "page": 6
    },
    {
      "level": "H3",
      "text": "Extensions who wants a high-level introduction to the leading principles and an overview of the individual",
      "page": 6
    },
    {
      "level": "H3",
      "text": "extension syllabi.",
      "page": 6
    },
    {
      "level": "H3",
      "text": "From time to time, ISTQB will update this document to reflect any additional extensions that shall be",
      "page": 6
    },
    {
      "level": "H3",
      "text": "introduced for the Foundation Level, or to reflect major changes in existing ones. Publications of the",
      "page": 6
    },
    {
      "level": "H3",
      "text": "updated document will be available on the ISTQB website.",
      "page": 6
    },
    {
      "level": "H3",
      "text": "The ISTQB Foundation and Advanced Level syllabi have been defined and have been on the market for",
      "page": 6
    },
    {
      "level": "H3",
      "text": "some time. New topics emerge due to technology and methodology changes in the market which often",
      "page": 6
    },
    {
      "level": "H3",
      "text": "are brought into the ISTQB program as new Expert Level syllabi. However, not all topics are suited for the",
      "page": 6
    },
    {
      "level": "H3",
      "text": "Expert Level. For this reason, the extension syllabi are established at the Foundation Level to expand the",
      "page": 6
    },
    {
      "level": "H3",
      "text": "ISTQB program to incorporate new or updated knowledge. New extensions shall be discussed and",
      "page": 6
    },
    {
      "level": "H3",
      "text": "introduced by the ISTQB periodically. Extensions may be established at the Advanced Level as well, but",
      "page": 6
    },
    {
      "level": "H3",
      "text": "that is beyond the scope of this document.",
      "page": 6
    },
    {
      "level": "H3",
      "text": "The following Foundation Level Extension syllabus has been released:",
      "page": 6
    },
    {
      "level": "H3",
      "text": "In this document, each Foundation Level Extension syllabus is summarized and the associated Business",
      "page": 6
    },
    {
      "level": "H3",
      "text": "Outcomes are stated. The Business Outcomes communicate what can be expected from a person who",
      "page": 6
    },
    {
      "level": "H3",
      "text": "achieves a Foundation Level Extension Certification in a particular subject area (e.g., Agile Tester), and",
      "page": 6
    },
    {
      "level": "H3",
      "text": "will outline the benefits for companies that are considering the development of specific testing skills at this",
      "page": 6
    },
    {
      "level": "H3",
      "text": "level.",
      "page": 6
    },
    {
      "level": "H3",
      "text": "Version 2014",
      "page": 6
    },
    {
      "level": "H3",
      "text": "Page 6 of 12",
      "page": 6
    },
    {
      "level": "H3",
      "text": "May 31, 2014",
      "page": 6
    },
    {
      "level": "H4",
      "text": "\u00a9 International Software Testing Qualifications Board",
      "page": 6
    },
    {
      "level": "H3",
      "text": "Qualifications Board",
      "page": 7
    },
    {
      "level": "H3",
      "text": "International",
      "page": 7
    },
    {
      "level": "H3",
      "text": "Overview",
      "page": 7
    },
    {
      "level": "H3",
      "text": "Software Testing",
      "page": 7
    },
    {
      "level": "H3",
      "text": "Foundation Level Extension \u2013",
      "page": 7
    },
    {
      "level": "H3",
      "text": "Agile Tester",
      "page": 7
    },
    {
      "level": "H2",
      "text": "Introduction to Foundation Level Agile Tester Extension",
      "page": 7
    },
    {
      "level": "H3",
      "text": "The certification for Foundation Level Extension \u2013",
      "page": 7
    },
    {
      "level": "H3",
      "text": "Agile Tester is designed for professionals who are",
      "page": 7
    },
    {
      "level": "H3",
      "text": "working within Agile environments. It is also for professionals who are planning to start implementing",
      "page": 7
    },
    {
      "level": "H3",
      "text": "Agile methods in the near future, or are working within companies that plan to do so, The certification",
      "page": 7
    },
    {
      "level": "H3",
      "text": "provides an advantage for those who would like to know the required Agile activities, roles, methods, and",
      "page": 7
    },
    {
      "level": "H3",
      "text": "methodologies specific to their role.",
      "page": 7
    },
    {
      "level": "H2",
      "text": "2.1 Intended Audience",
      "page": 7
    },
    {
      "level": "H3",
      "text": "The Foundation Level Extension \u2013",
      "page": 7
    },
    {
      "level": "H3",
      "text": "Agile Tester qualification is aimed at four main groups of professionals:",
      "page": 7
    },
    {
      "level": "H3",
      "text": "1. Professionals who have achieved in-depth testing experience in traditional methods and would",
      "page": 7
    },
    {
      "level": "H3",
      "text": "like to get an Agile Tester Certificate.",
      "page": 7
    },
    {
      "level": "H3",
      "text": "2. Junior professional testers who are just starting in the testing profession, have received the",
      "page": 7
    },
    {
      "level": "H3",
      "text": "Foundation Level certificate, and would like to know more about",
      "page": 7
    },
    {
      "level": "H3",
      "text": "tester\u2019s",
      "page": 7
    },
    {
      "level": "H3",
      "text": "role in an Agile",
      "page": 7
    },
    {
      "level": "H3",
      "text": "environment.",
      "page": 7
    },
    {
      "level": "H3",
      "text": "3. Professionals who are relatively new to testing and are required to implement test approaches,",
      "page": 7
    },
    {
      "level": "H3",
      "text": "methods and techniques in their day to day job in Agile projects.",
      "page": 7
    },
    {
      "level": "H3",
      "text": "4. Professionals who are experienced in their role (including unit testing) and need more",
      "page": 7
    },
    {
      "level": "H3",
      "text": "understanding and knowledge about how to perform and manage testing on all levels in Agile",
      "page": 7
    },
    {
      "level": "H3",
      "text": "projects.",
      "page": 7
    },
    {
      "level": "H3",
      "text": "These professionals include people who are in roles such as testers, test analysts, test engineers, test",
      "page": 7
    },
    {
      "level": "H3",
      "text": "consultants, test managers, user acceptance testers, and software developers.",
      "page": 7
    },
    {
      "level": "H3",
      "text": "This Foundation Level Extension \u2013",
      "page": 7
    },
    {
      "level": "H3",
      "text": "Agile Tester certification may also be appropriate for anyone who",
      "page": 7
    },
    {
      "level": "H3",
      "text": "wants a deeper understanding of software testing in the Agile world, such as project managers, quality",
      "page": 7
    },
    {
      "level": "H3",
      "text": "managers, software development managers, business analysts, IT directors, and management",
      "page": 7
    },
    {
      "level": "H3",
      "text": "consultants.",
      "page": 7
    },
    {
      "level": "H2",
      "text": "2.2 Career Paths for Testers",
      "page": 7
    },
    {
      "level": "H3",
      "text": "Building on the Foundation Level, the Agile Tester Extension supports the definition of career paths for",
      "page": 7
    },
    {
      "level": "H3",
      "text": "professional testers. A person with the Agile Tester certificate has extended the broad understanding of",
      "page": 7
    },
    {
      "level": "H3",
      "text": "testing acquired at the Foundation Level to enable him or her to work effectively as a professional tester in",
      "page": 7
    },
    {
      "level": "H3",
      "text": "an Agile project.",
      "page": 7
    },
    {
      "level": "H3",
      "text": "People possessing an ISTQB Foundation Level Extension \u2013",
      "page": 7
    },
    {
      "level": "H3",
      "text": "Agile Tester certificate may use the Certified",
      "page": 7
    },
    {
      "level": "H3",
      "text": "Tester Foundation Level acronym CTFL-AT.",
      "page": 7
    },
    {
      "level": "H2",
      "text": "2.3 Learning Objectives",
      "page": 7
    },
    {
      "level": "H3",
      "text": "In general, the Foundation Level syllabus is examinable at a K1 level, i.e., the candidate will recognize,",
      "page": 7
    },
    {
      "level": "H3",
      "text": "remember and recall terms and concepts stated in the Foundation Level syllabus.",
      "page": 7
    },
    {
      "level": "H3",
      "text": "In addition, all Foundation Level syllabus learning objectives are examinable at the same K- level in an",
      "page": 7
    },
    {
      "level": "H3",
      "text": "extension exam.",
      "page": 7
    },
    {
      "level": "H3",
      "text": "Version 2014",
      "page": 7
    },
    {
      "level": "H3",
      "text": "Page 7 of 12",
      "page": 7
    },
    {
      "level": "H3",
      "text": "May 31, 2014",
      "page": 7
    },
    {
      "level": "H4",
      "text": "\u00a9 International Software Testing Qualifications Board",
      "page": 7
    },
    {
      "level": "H3",
      "text": "Qualifications Board",
      "page": 8
    },
    {
      "level": "H3",
      "text": "International",
      "page": 8
    },
    {
      "level": "H3",
      "text": "Overview",
      "page": 8
    },
    {
      "level": "H3",
      "text": "Software Testing",
      "page": 8
    },
    {
      "level": "H3",
      "text": "Foundation Level Extension \u2013",
      "page": 8
    },
    {
      "level": "H3",
      "text": "Agile Tester",
      "page": 8
    },
    {
      "level": "H3",
      "text": "That said, each extension level exam focuses on the learning objectives defined in that extension",
      "page": 8
    },
    {
      "level": "H3",
      "text": "syllabus. The relevant learning objectives at K1, K2, and K3 levels are provided at the beginning of each",
      "page": 8
    },
    {
      "level": "H3",
      "text": "chapter within each particular extension syllabus.",
      "page": 8
    },
    {
      "level": "H2",
      "text": "2.4 Entry Requirements",
      "page": 8
    },
    {
      "level": "H3",
      "text": "To be able to participate in a Foundation Level Extension \u2013",
      "page": 8
    },
    {
      "level": "H3",
      "text": "Agile Tester exam, candidates must have",
      "page": 8
    },
    {
      "level": "H3",
      "text": "obtained the ISTQB Foundation Level certificate.",
      "page": 8
    },
    {
      "level": "H2",
      "text": "2.5 Structure and Course Duration",
      "page": 8
    },
    {
      "level": "H3",
      "text": "The Foundation Level Extension \u2013",
      "page": 8
    },
    {
      "level": "H3",
      "text": "Agile Tester syllabus has no shared or common elements with the",
      "page": 8
    },
    {
      "level": "H3",
      "text": "Foundation Level syllabus.",
      "page": 8
    },
    {
      "level": "H3",
      "text": "The syllabi must be taught in the following minimum number of days:",
      "page": 8
    },
    {
      "level": "H3",
      "text": "Syllabus",
      "page": 8
    },
    {
      "level": "H3",
      "text": "Days",
      "page": 8
    },
    {
      "level": "H3",
      "text": "Baseline: Foundation",
      "page": 8
    },
    {
      "level": "H3",
      "text": "Extension: Agile Tester",
      "page": 8
    },
    {
      "level": "H3",
      "text": "The following figure shows the structure of the Agile Tester Extension and its relationship to the",
      "page": 8
    },
    {
      "level": "H3",
      "text": "Foundation Level.",
      "page": 8
    },
    {
      "level": "H3",
      "text": "Version 2014",
      "page": 8
    },
    {
      "level": "H3",
      "text": "Page 8 of 12",
      "page": 8
    },
    {
      "level": "H3",
      "text": "May 31, 2014",
      "page": 8
    },
    {
      "level": "H4",
      "text": "\u00a9 International Software Testing Qualifications Board",
      "page": 8
    },
    {
      "level": "H3",
      "text": "Qualifications Board",
      "page": 9
    },
    {
      "level": "H3",
      "text": "International",
      "page": 9
    },
    {
      "level": "H3",
      "text": "Overview",
      "page": 9
    },
    {
      "level": "H3",
      "text": "Software Testing",
      "page": 9
    },
    {
      "level": "H3",
      "text": "Foundation Level Extension \u2013",
      "page": 9
    },
    {
      "level": "H3",
      "text": "Agile Tester",
      "page": 9
    },
    {
      "level": "H2",
      "text": "2.6 Keeping It Current",
      "page": 9
    },
    {
      "level": "H3",
      "text": "The software industry changes rapidly. To deal with these changes and to provide the stakeholders with",
      "page": 9
    },
    {
      "level": "H3",
      "text": "access to relevant and current information, the ISTQB working groups have created links on the",
      "page": 9
    },
    {
      "level": "H3",
      "text": "www.istqb.org web site which refer to supporting documents, changes to standards and new occurrences",
      "page": 9
    },
    {
      "level": "H3",
      "text": "in the industry. This information is not examinable under this syllabus.",
      "page": 9
    },
    {
      "level": "H3",
      "text": "Version 2014",
      "page": 9
    },
    {
      "level": "H3",
      "text": "Page 9 of 12",
      "page": 9
    },
    {
      "level": "H3",
      "text": "May 31, 2014",
      "page": 9
    },
    {
      "level": "H4",
      "text": "\u00a9 International Software Testing Qualifications Board",
      "page": 9
    },
    {
      "level": "H3",
      "text": "Qualifications Board",
      "page": 10
    },
    {
      "level": "H3",
      "text": "International",
      "page": 10
    },
    {
      "level": "H3",
      "text": "Overview",
      "page": 10
    },
    {
      "level": "H3",
      "text": "Software Testing",
      "page": 10
    },
    {
      "level": "H3",
      "text": "Foundation Level Extension \u2013",
      "page": 10
    },
    {
      "level": "H3",
      "text": "Agile Tester",
      "page": 10
    },
    {
      "level": "H2",
      "text": "Overview of the Foundation Level Extension \u2013",
      "page": 10
    },
    {
      "level": "H2",
      "text": "Agile Tester",
      "page": 10
    },
    {
      "level": "H2",
      "text": "Syllabus",
      "page": 10
    },
    {
      "level": "H2",
      "text": "3.1 Business Outcomes",
      "page": 10
    },
    {
      "level": "H3",
      "text": "This section lists the Business Outcomes expected of a candidate who has achieved the Foundation Level",
      "page": 10
    },
    {
      "level": "H3",
      "text": "Extension \u2013",
      "page": 10
    },
    {
      "level": "H3",
      "text": "Agile Tester certification.",
      "page": 10
    },
    {
      "level": "H3",
      "text": "An Agile Tester can\u2026",
      "page": 10
    },
    {
      "level": "H3",
      "text": "AFM1",
      "page": 10
    },
    {
      "level": "H3",
      "text": "Collaborate in a cross-functional Agile team being familiar with principles and basic",
      "page": 10
    },
    {
      "level": "H3",
      "text": "practices of Agile software development.",
      "page": 10
    },
    {
      "level": "H3",
      "text": "AFM2",
      "page": 10
    },
    {
      "level": "H3",
      "text": "Adapt existing testing experience and knowledge to Agile values and principles.",
      "page": 10
    },
    {
      "level": "H3",
      "text": "AFM3",
      "page": 10
    },
    {
      "level": "H3",
      "text": "Support the Agile team in planning test-related activities.",
      "page": 10
    },
    {
      "level": "H3",
      "text": "AFM4",
      "page": 10
    },
    {
      "level": "H3",
      "text": "Apply relevant methods and techniques for testing in an Agile project.",
      "page": 10
    },
    {
      "level": "H3",
      "text": "AFM5",
      "page": 10
    },
    {
      "level": "H3",
      "text": "Assist the Agile team in test automation activities.",
      "page": 10
    },
    {
      "level": "H3",
      "text": "AFM6",
      "page": 10
    },
    {
      "level": "H3",
      "text": "Assist business stakeholders in defining understandable and testable user stories,",
      "page": 10
    },
    {
      "level": "H3",
      "text": "scenarios, requirements and acceptance criteria as appropriate.",
      "page": 10
    },
    {
      "level": "H3",
      "text": "AFM7",
      "page": 10
    },
    {
      "level": "H3",
      "text": "Work and share information with other team members using effective communication",
      "page": 10
    },
    {
      "level": "H3",
      "text": "styles and channels.",
      "page": 10
    },
    {
      "level": "H3",
      "text": "In general, a Certified Tester Foundation Level \u2013",
      "page": 10
    },
    {
      "level": "H3",
      "text": "Agile Tester is expected to have acquired the necessary",
      "page": 10
    },
    {
      "level": "H3",
      "text": "skills to working effectively within an Agile team and environment.",
      "page": 10
    },
    {
      "level": "H2",
      "text": "3.2 Content",
      "page": 10
    },
    {
      "level": "H3",
      "text": "Chapter 1: Agile Software Development",
      "page": 10
    },
    {
      "level": "H3",
      "text": "The tester should remember the basic concept of Agile software development based on the Agile",
      "page": 10
    },
    {
      "level": "H3",
      "text": "Manifesto.",
      "page": 10
    },
    {
      "level": "H3",
      "text": "The tester should understand the advantages of the whole-team approach and the benefits of",
      "page": 10
    },
    {
      "level": "H3",
      "text": "early and frequent feedback.",
      "page": 10
    },
    {
      "level": "H3",
      "text": "The tester should recall Agile software development approaches.",
      "page": 10
    },
    {
      "level": "H3",
      "text": "The tester should be able to write testable user stories in collaboration with developers and",
      "page": 10
    },
    {
      "level": "H3",
      "text": "business representatives.",
      "page": 10
    },
    {
      "level": "H3",
      "text": "The tester should understand how retrospectives can be used as a mechanism for process",
      "page": 10
    },
    {
      "level": "H3",
      "text": "improvement in Agile projects.",
      "page": 10
    },
    {
      "level": "H3",
      "text": "The tester should understand the use and purpose of continuous integration.",
      "page": 10
    },
    {
      "level": "H3",
      "text": "The tester should know the differences between iteration and release planning, and how a tester",
      "page": 10
    },
    {
      "level": "H3",
      "text": "adds value in each of these activities.",
      "page": 10
    },
    {
      "level": "H3",
      "text": "Version 2014",
      "page": 10
    },
    {
      "level": "H3",
      "text": "Page 10 of 12",
      "page": 10
    },
    {
      "level": "H3",
      "text": "May 31, 2014",
      "page": 10
    },
    {
      "level": "H4",
      "text": "\u00a9 International Software Testing Qualifications Board",
      "page": 10
    },
    {
      "level": "H3",
      "text": "International",
      "page": 11
    },
    {
      "level": "H3",
      "text": "Overview",
      "page": 11
    },
    {
      "level": "H3",
      "text": "Software Testing",
      "page": 11
    },
    {
      "level": "H3",
      "text": "Foundation Level Extension \u2013",
      "page": 11
    },
    {
      "level": "H3",
      "text": "Agile Tester",
      "page": 11
    },
    {
      "level": "H3",
      "text": "Qualifications",
      "page": 11
    },
    {
      "level": "H3",
      "text": "Board",
      "page": 11
    },
    {
      "level": "H3",
      "text": "Chapter 2: Fundamental Agile Testing Principles, Practices, and Processes",
      "page": 11
    },
    {
      "level": "H3",
      "text": "The tester should be able to describe the differences between testing activities in Agile projects",
      "page": 11
    },
    {
      "level": "H3",
      "text": "and non-Agile projects.",
      "page": 11
    },
    {
      "level": "H3",
      "text": "The tester should be able to describe how development and testing activities are integrated in",
      "page": 11
    },
    {
      "level": "H3",
      "text": "Agile projects.",
      "page": 11
    },
    {
      "level": "H3",
      "text": "The tester should be able to describe the role of independent testing in Agile projects.",
      "page": 11
    },
    {
      "level": "H3",
      "text": "The tester should be able to describe the tools and techniques used to communicate the status of",
      "page": 11
    },
    {
      "level": "H3",
      "text": "testing in an Agile project, including test progress and product quality.",
      "page": 11
    },
    {
      "level": "H3",
      "text": "The tester should be able to describe the process of evolving tests across multiple iterations and",
      "page": 11
    },
    {
      "level": "H3",
      "text": "explain why test automation is important to manage regression risk in Agile projects.",
      "page": 11
    },
    {
      "level": "H3",
      "text": "The tester should understand the skills (people, domain, and testing) of a tester in an Agile team.",
      "page": 11
    },
    {
      "level": "H3",
      "text": "The tester should be able to understand the role of a tester within an Agile team.",
      "page": 11
    },
    {
      "level": "H3",
      "text": "Chapter 3: Agile Testing Methods, Techniques, and Tools",
      "page": 11
    },
    {
      "level": "H3",
      "text": "The tester should be able to recall the concepts of test-driven development, acceptance test-",
      "page": 11
    },
    {
      "level": "H3",
      "text": "driven development, and behavior-driven development.",
      "page": 11
    },
    {
      "level": "H3",
      "text": "The tester should be able to recall the concepts of the test pyramid.",
      "page": 11
    },
    {
      "level": "H3",
      "text": "The tester should be able to summarize the testing quadrants and their relationships with testing",
      "page": 11
    },
    {
      "level": "H3",
      "text": "levels and testing types.",
      "page": 11
    },
    {
      "level": "H3",
      "text": "For a given Agile project, the tester should be able to work as a tester in a Scrum team.",
      "page": 11
    },
    {
      "level": "H3",
      "text": "The tester should be able to assess quality risks within an Agile project.",
      "page": 11
    },
    {
      "level": "H3",
      "text": "The tester should be able to estimate testing effort based on iteration content and quality risks.",
      "page": 11
    },
    {
      "level": "H3",
      "text": "The tester should be able to interpret relevant information to support testing activities.",
      "page": 11
    },
    {
      "level": "H3",
      "text": "The tester should be able to explain to business stakeholders how to define testable acceptance",
      "page": 11
    },
    {
      "level": "H3",
      "text": "criteria.",
      "page": 11
    },
    {
      "level": "H3",
      "text": "Given a user story, the tester should be able to write acceptance test-driven development test",
      "page": 11
    },
    {
      "level": "H3",
      "text": "cases.",
      "page": 11
    },
    {
      "level": "H3",
      "text": "For both functional and non-functional behavior, the tester should be able to write test cases using",
      "page": 11
    },
    {
      "level": "H3",
      "text": "black box test design techniques based on given user stories.",
      "page": 11
    },
    {
      "level": "H3",
      "text": "The tester should be able to perform exploratory testing to support the testing of an Agile project.",
      "page": 11
    },
    {
      "level": "H3",
      "text": "The tester should be able to recall different tools available to testers according to their purpose",
      "page": 11
    },
    {
      "level": "H3",
      "text": "and to activities in Agile projects.",
      "page": 11
    },
    {
      "level": "H3",
      "text": "Version 2014",
      "page": 11
    },
    {
      "level": "H3",
      "text": "Page 11 of 12",
      "page": 11
    },
    {
      "level": "H3",
      "text": "May 31, 2014",
      "page": 11
    },
    {
      "level": "H4",
      "text": "\u00a9 International Software Testing Qualifications Board",
      "page": 11
    },
    {
      "level": "H3",
      "text": "Qualifications Board",
      "page": 12
    },
    {
      "level": "H3",
      "text": "International",
      "page": 12
    },
    {
      "level": "H3",
      "text": "Overview",
      "page": 12
    },
    {
      "level": "H3",
      "text": "Software Testing",
      "page": 12
    },
    {
      "level": "H3",
      "text": "Foundation Level Extension \u2013",
      "page": 12
    },
    {
      "level": "H3",
      "text": "Agile Tester",
      "page": 12
    },
    {
      "level": "H2",
      "text": "References",
      "page": 12
    },
    {
      "level": "H2",
      "text": "4.1 Trademarks",
      "page": 12
    },
    {
      "level": "H3",
      "text": "The following registered trademarks and service marks are used in this document:",
      "page": 12
    },
    {
      "level": "H3",
      "text": "ISTQB",
      "page": 12
    },
    {
      "level": "H3",
      "text": "is a registered trademark of the International Software Testing Qualifications Board",
      "page": 12
    },
    {
      "level": "H2",
      "text": "4.2 Documents and Web Sites",
      "page": 12
    },
    {
      "level": "H3",
      "text": "Identifier",
      "page": 12
    },
    {
      "level": "H3",
      "text": "Reference",
      "page": 12
    },
    {
      "level": "H3",
      "text": "[ISTQB-Web]",
      "page": 12
    },
    {
      "level": "H3",
      "text": "Web site of the International Software Testing Qualifications Board. Refer",
      "page": 12
    },
    {
      "level": "H3",
      "text": "to this website for the latest ISTQB Glossary and Syllabi. (www.istqb.org)",
      "page": 12
    },
    {
      "level": "H3",
      "text": "Version 2014",
      "page": 12
    },
    {
      "level": "H3",
      "text": "Page 12 of 12",
      "page": 12
    },
    {
      "level": "H3",
      "text": "May 31, 2014",
      "page": 12
    },
    {
      "level": "H4",
      "text": "\u00a9 International Software Testing Qualifications Board",
      "page": 12
    }
  ]
}