{
  "title": "RFP: R",
  "outline": [
    {
      "level": "H2",
      "text": "Ontario\u2019s Libraries",
      "page": 1
    },
    {
      "level": "H2",
      "text": "Working Together",
      "page": 1
    },
    {
      "level": "H1",
      "text": "RFP: R",
      "page": 1
    },
    {
      "level": "H1",
      "text": "RFP: Request f",
      "page": 1
    },
    {
      "level": "H1",
      "text": "quest f",
      "page": 1
    },
    {
      "level": "H1",
      "text": "quest for Pr",
      "page": 1
    },
    {
      "level": "H1",
      "text": "r Pr",
      "page": 1
    },
    {
      "level": "H1",
      "text": "r Proposal",
      "page": 1
    },
    {
      "level": "H1",
      "text": "oposal",
      "page": 1
    },
    {
      "level": "H2",
      "text": "To Present a Proposal for Developing",
      "page": 1
    },
    {
      "level": "H2",
      "text": "the Business Plan for the Ontario",
      "page": 1
    },
    {
      "level": "H2",
      "text": "Digital Library",
      "page": 1
    },
    {
      "level": "H2",
      "text": "March 21, 2003",
      "page": 1
    },
    {
      "level": "H4",
      "text": "The Ontario Digital Library will make Ontario a better place to study, work and live by ensuring that",
      "page": 1
    },
    {
      "level": "H4",
      "text": "all Ontario citizens have access to the knowledge and learning supports needed to be life-long",
      "page": 1
    },
    {
      "level": "H4",
      "text": "learners and effective contributors towards Ontario\u2019s prosperity.",
      "page": 1
    },
    {
      "level": "H2",
      "text": "Ontario\u2019s Digital Library",
      "page": 2
    },
    {
      "level": "H2",
      "text": "A Critical Component for Implementing Ontario\u2019s Road Map to",
      "page": 2
    },
    {
      "level": "H2",
      "text": "Prosperity Strategy",
      "page": 2
    },
    {
      "level": "H3",
      "text": "Summary",
      "page": 2
    },
    {
      "level": "H3",
      "text": "The purpose of this",
      "page": 2
    },
    {
      "level": "H3",
      "text": "Request for Proposal",
      "page": 2
    },
    {
      "level": "H3",
      "text": ") is to invite firms and/or consultants to",
      "page": 2
    },
    {
      "level": "H3",
      "text": "present a proposal for developing the business plan for the",
      "page": 2
    },
    {
      "level": "H3",
      "text": "Ontario Digital Library (ODL).",
      "page": 2
    },
    {
      "level": "H3",
      "text": "The ODL will deliver high-quality library electronic content to all Ontario residents in order to",
      "page": 2
    },
    {
      "level": "H3",
      "text": "assist people as they learn, work, and enhance their quality of life. The business plan to be",
      "page": 2
    },
    {
      "level": "H3",
      "text": "developed is to document and clearly communicate:",
      "page": 2
    },
    {
      "level": "H3",
      "text": "how the ODL will be implemented, including the timeline",
      "page": 2
    },
    {
      "level": "H3",
      "text": "the financial plan for the implementation",
      "page": 2
    },
    {
      "level": "H3",
      "text": "the financial plan for the first 2 operating years, including capital and operating costs,",
      "page": 2
    },
    {
      "level": "H3",
      "text": "revenues, etc.",
      "page": 2
    },
    {
      "level": "H3",
      "text": "a financial forecast for the succeeding 2 operating years",
      "page": 2
    },
    {
      "level": "H3",
      "text": "the services and products to be delivered by the ODL",
      "page": 2
    },
    {
      "level": "H3",
      "text": "how the ODL will operate and be managed following the implementation",
      "page": 2
    },
    {
      "level": "H3",
      "text": "who will be involved, and what their role/responsibility will be, for both the",
      "page": 2
    },
    {
      "level": "H3",
      "text": "implementation and operational stages",
      "page": 2
    },
    {
      "level": "H3",
      "text": "the marketing and communications plan for the ODL",
      "page": 2
    },
    {
      "level": "H3",
      "text": "This business plan must be completed and approved by the ODL Steering Committee no",
      "page": 2
    },
    {
      "level": "H3",
      "text": "later than September 30, 2003",
      "page": 2
    },
    {
      "level": "H3",
      "text": "Timeline:",
      "page": 2
    },
    {
      "level": "H3",
      "text": "Those firms/consultants intended to submit a proposal to this RFP must indicate their",
      "page": 2
    },
    {
      "level": "H3",
      "text": "intention to do so in an e-mail to Michael Ridley (",
      "page": 2
    },
    {
      "level": "H3",
      "text": "mridley@uoguelph.ca",
      "page": 2
    },
    {
      "level": "H3",
      "text": ") by",
      "page": 2
    },
    {
      "level": "H3",
      "text": "April 11",
      "page": 2
    },
    {
      "level": "H3",
      "text": "Proposals may be e-mailed, mailed, couriered or faxed to: Larry Moore",
      "page": 2
    },
    {
      "level": "H3",
      "text": "lmoore@accessola.com",
      "page": 2
    },
    {
      "level": "H3",
      "text": "), Executive Director, The Ontario Library Association,",
      "page": 2
    },
    {
      "level": "H4",
      "text": "100 Lombard",
      "page": 2
    },
    {
      "level": "H4",
      "text": "St., Suite 303, Toronto, ON  M5C 1M3.",
      "page": 2
    },
    {
      "level": "H3",
      "text": "Proposals must be received by",
      "page": 2
    },
    {
      "level": "H3",
      "text": "Noon on Monday,",
      "page": 2
    },
    {
      "level": "H3",
      "text": "April 21, 2003.",
      "page": 2
    },
    {
      "level": "H3",
      "text": "Those proposals that are short-listed will be invited to discuss their proposal during the week",
      "page": 2
    },
    {
      "level": "H3",
      "text": "April 28, 2003",
      "page": 2
    },
    {
      "level": "H3",
      "text": ". No presentation will be expected. Firms or consultants invited to an",
      "page": 2
    },
    {
      "level": "H3",
      "text": "interview will be expected to discuss the project and their approach with the selection",
      "page": 2
    },
    {
      "level": "H3",
      "text": "committee",
      "page": 2
    },
    {
      "level": "H3",
      "text": "Contracts with the firm/consultant will be signed the week of",
      "page": 2
    },
    {
      "level": "H3",
      "text": "May 5, 2003",
      "page": 2
    },
    {
      "level": "H3",
      "text": "with the work to",
      "page": 2
    },
    {
      "level": "H3",
      "text": "commence as soon as possible thereafter.",
      "page": 2
    },
    {
      "level": "H4",
      "text": "RFP: To Develop the Ontario Digital Library Business Plan",
      "page": 2
    },
    {
      "level": "H4",
      "text": "March 2003",
      "page": 2
    },
    {
      "level": "H3",
      "text": "Please note that we reserve the right not to select any of the submitted proposals and may",
      "page": 3
    },
    {
      "level": "H3",
      "text": "seek further response to these Terms of Reference.",
      "page": 3
    },
    {
      "level": "H3",
      "text": "If you require further information or have any questions, please contact Michael Ridley by e-",
      "page": 3
    },
    {
      "level": "H3",
      "text": "mail (",
      "page": 3
    },
    {
      "level": "H3",
      "text": "mridley@uoguelph.ca",
      "page": 3
    },
    {
      "level": "H3",
      "text": "only",
      "page": 3
    },
    {
      "level": "H3",
      "text": "3:00 p.m. on Friday April 18th",
      "page": 3
    },
    {
      "level": "H3",
      "text": ". All questions and",
      "page": 3
    },
    {
      "level": "H3",
      "text": "responses will be shared with those who have indicated that they will be submitting a",
      "page": 3
    },
    {
      "level": "H3",
      "text": "proposal. Please note, that firms/consultants who have not indicated in an e-mail to Michael",
      "page": 3
    },
    {
      "level": "H3",
      "text": "Ridley by April 11",
      "page": 3
    },
    {
      "level": "H3",
      "text": "that they will be submitting a proposal will not receive any further",
      "page": 3
    },
    {
      "level": "H3",
      "text": "information or question responses.",
      "page": 3
    },
    {
      "level": "H3",
      "text": "Background",
      "page": 3
    },
    {
      "level": "H3",
      "text": "First, some background on the ODL. For the last two years the Ontario Library Association",
      "page": 3
    },
    {
      "level": "H3",
      "text": "has acted as a catalyst, bringing together the stakeholders needed to create the Ontario",
      "page": 3
    },
    {
      "level": "H3",
      "text": "Digital Library (ODL). These stakeholders include Ontario\u2019s 5000+ public libraries, university,",
      "page": 3
    },
    {
      "level": "H3",
      "text": "college, and school libraries, as well as Ontario government ministries.",
      "page": 3
    },
    {
      "level": "H3",
      "text": "Libraries that serve very different clientele recognize that by working together they can create",
      "page": 3
    },
    {
      "level": "H3",
      "text": "seamless access to quality electronic library services. Through the ODL, students will be",
      "page": 3
    },
    {
      "level": "H3",
      "text": "able to explore a topic at school, use the same child-safe resources after school (either at",
      "page": 3
    },
    {
      "level": "H3",
      "text": "home or at a public library), enter college or university with a knowledge of how to use",
      "page": 3
    },
    {
      "level": "H3",
      "text": "electronic resources that are still available and then, after graduation, continue to use these",
      "page": 3
    },
    {
      "level": "H3",
      "text": "skills and resources at work or at home.",
      "page": 3
    },
    {
      "level": "H3",
      "text": "We are moving into a period of convergence. With convergence we no longer have to license",
      "page": 3
    },
    {
      "level": "H3",
      "text": "commercial products as individual libraries or institutions. We can work together to spend our",
      "page": 3
    },
    {
      "level": "H3",
      "text": "money wisely. The provincial government has made this possible by working hard to provide",
      "page": 3
    },
    {
      "level": "H3",
      "text": "all Ontarians with a stable, high-speed communications infrastructure. While there is still a",
      "page": 3
    },
    {
      "level": "H3",
      "text": "great deal of work needed to improve this infrastructure, libraries are beginning to plan how",
      "page": 3
    },
    {
      "level": "H3",
      "text": "best to exploit communications technology. We can reduce barriers to access and create the",
      "page": 3
    },
    {
      "level": "H3",
      "text": "content infrastructure needed to support a knowledge society.",
      "page": 3
    },
    {
      "level": "H3",
      "text": "The concept of an ODL is a key element in",
      "page": 3
    },
    {
      "level": "H3",
      "text": "The Roadmap to Prosperity",
      "page": 3
    },
    {
      "level": "H3",
      "text": ", a strategic plan to",
      "page": 3
    },
    {
      "level": "H3",
      "text": "envision and attain Ontario\u2019s economic goal prepared by the Ontario Jobs and Investment",
      "page": 3
    },
    {
      "level": "H3",
      "text": "Board. The OJIB strategic plan recommends an electronic library to \u201cconnect students to new",
      "page": 3
    },
    {
      "level": "H3",
      "text": "workplaces, new sources of information and applied learning opportunities\u201d. The ODL will do",
      "page": 3
    },
    {
      "level": "H3",
      "text": "that and much more. The ODL will connect students to electronic information, and will also",
      "page": 3
    },
    {
      "level": "H3",
      "text": "leverage this investment to help connect all citizens to the electronic information they need as",
      "page": 3
    },
    {
      "level": "H3",
      "text": "they make decisions, solve problems and enhance their quality of life.",
      "page": 3
    },
    {
      "level": "H3",
      "text": "Libraries have long been a key delivery point for public services. The ODL will allow that",
      "page": 3
    },
    {
      "level": "H3",
      "text": "delivery point to move closer to citizens, into the smallest of libraries and even into living",
      "page": 3
    },
    {
      "level": "H3",
      "text": "rooms.",
      "page": 3
    },
    {
      "level": "H3",
      "text": "Libraries have a long tradition of using a practical, consultative approach to solving problems,",
      "page": 3
    },
    {
      "level": "H3",
      "text": "and of learning from others. The ODL is a very practical solution to various problems.",
      "page": 3
    },
    {
      "level": "H3",
      "text": "Jurisdiction-wide digital libraries are very practical and very real. The ODL we propose is",
      "page": 3
    },
    {
      "level": "H3",
      "text": "leading edge for Ontario but several jurisdictions have forged the path with collaborative",
      "page": 3
    },
    {
      "level": "H3",
      "text": "digital libraries. We can learn from their experiences. For example, The Alberta Library (TAL)",
      "page": 3
    },
    {
      "level": "H4",
      "text": "RFP: To Develop the Ontario Digital Library Business Plan",
      "page": 3
    },
    {
      "level": "H4",
      "text": "March 2003",
      "page": 3
    },
    {
      "level": "H3",
      "text": "was incorporated in 1997 as a province-wide library consortium. TAL works collaboratively",
      "page": 4
    },
    {
      "level": "H3",
      "text": "with its members to promote universal access to materials and resources in more than 250",
      "page": 4
    },
    {
      "level": "H3",
      "text": "public, post-secondary, special, government and regional libraries. Unlike ODL, TAL does",
      "page": 4
    },
    {
      "level": "H3",
      "text": "not include elementary or secondary schools. However, the timeline and funding we are",
      "page": 4
    },
    {
      "level": "H3",
      "text": "proposing for ODL is comparable to TAL\u2018s experience. TAL\u2019s business planning took several",
      "page": 4
    },
    {
      "level": "H3",
      "text": "years. TAL\u2019s implementation plan was supported by 8 million dollars in provincially shared",
      "page": 4
    },
    {
      "level": "H3",
      "text": "funding, spread over three years, later revised to 15 million dollars over 4 years. Not only is",
      "page": 4
    },
    {
      "level": "H3",
      "text": "Alberta\u2019s population 30% of Ontario\u2019s, TAL does not include elementary or secondary",
      "page": 4
    },
    {
      "level": "H3",
      "text": "schools as partners; it has 250 member libraries. ODL envisions universal access for all",
      "page": 4
    },
    {
      "level": "H3",
      "text": "10,000,000 Ontarians, with more than 5000 Ontario libraries as partners. Although ODL can",
      "page": 4
    },
    {
      "level": "H3",
      "text": "learn from TAL\u2019s practices, the scope of planning and implementing ODL is much larger than",
      "page": 4
    },
    {
      "level": "H3",
      "text": "TAL.",
      "page": 4
    },
    {
      "level": "H3",
      "text": "The ODL will be a partnership-based organization providing seamless electronic information",
      "page": 4
    },
    {
      "level": "H3",
      "text": "services and resources to the citizens of Ontario. It will use local libraries as the entry point for",
      "page": 4
    },
    {
      "level": "H3",
      "text": "common resources The ODL will recognize the unique responsibilities and needs of public",
      "page": 4
    },
    {
      "level": "H3",
      "text": "libraries, school libraries, college and university libraries and special libraries. The ODL",
      "page": 4
    },
    {
      "level": "H3",
      "text": "envisions a digital network of information resources, allowing members to collaborate when",
      "page": 4
    },
    {
      "level": "H3",
      "text": "there is mutual benefit and to support the common mandates of local libraries.",
      "page": 4
    },
    {
      "level": "H3",
      "text": "The principles which will define and guide the ODL are:",
      "page": 4
    },
    {
      "level": "H3",
      "text": "Equitable access for all Ontarians:",
      "page": 4
    },
    {
      "level": "H3",
      "text": "We will bring consistent, high-quality electronic resources and services to 10 million",
      "page": 4
    },
    {
      "level": "H3",
      "text": "Ontario citizens",
      "page": 4
    },
    {
      "level": "H3",
      "text": "We will eliminate barriers to the access to information and create more consistent",
      "page": 4
    },
    {
      "level": "H3",
      "text": "services for library clients.",
      "page": 4
    },
    {
      "level": "H3",
      "text": "Shared decision-making and accountability:",
      "page": 4
    },
    {
      "level": "H3",
      "text": "We will facilitate consensus among members regarding ODL\u2019s portfolio of electronic",
      "page": 4
    },
    {
      "level": "H3",
      "text": "licenses and services",
      "page": 4
    },
    {
      "level": "H3",
      "text": "We will balance the interests and realities of small and large as well as rich and poor",
      "page": 4
    },
    {
      "level": "H3",
      "text": "communities and institutions.",
      "page": 4
    },
    {
      "level": "H3",
      "text": "Shared governance structure:",
      "page": 4
    },
    {
      "level": "H3",
      "text": "We will share decision-making in order to enable the people we serve.",
      "page": 4
    },
    {
      "level": "H3",
      "text": "We will work based on an underlying assumption of trust and synergy.",
      "page": 4
    },
    {
      "level": "H3",
      "text": "Shared funding:",
      "page": 4
    },
    {
      "level": "H3",
      "text": "We will leverage provincial, institutional, and local dollars to realize economies of scale",
      "page": 4
    },
    {
      "level": "H3",
      "text": "and put Ontario dollars to work for everyone",
      "page": 4
    },
    {
      "level": "H3",
      "text": "We will be willing to pool talents and dollars in order to provide common services that are",
      "page": 4
    },
    {
      "level": "H3",
      "text": "truly greater than those that can be maintained by individual institutions.",
      "page": 4
    },
    {
      "level": "H4",
      "text": "RFP: To Develop the Ontario Digital Library Business Plan",
      "page": 4
    },
    {
      "level": "H4",
      "text": "March 2003",
      "page": 4
    },
    {
      "level": "H3",
      "text": "Local points of entry:",
      "page": 5
    },
    {
      "level": "H3",
      "text": "We will provide the licenses, infrastructure, services and support that enable local",
      "page": 5
    },
    {
      "level": "H3",
      "text": "libraries to provide exceptional services to their clientele. ODL will focus on support,",
      "page": 5
    },
    {
      "level": "H3",
      "text": "providing the underpinning, not overshadowing.",
      "page": 5
    },
    {
      "level": "H3",
      "text": "Services envisioned for the ODL\u2019s include:",
      "page": 5
    },
    {
      "level": "H3",
      "text": "Access:",
      "page": 5
    },
    {
      "level": "H3",
      "text": "to the \u201cdeep\u201d web (i.e. Commercial, purchased electronic services)",
      "page": 5
    },
    {
      "level": "H3",
      "text": "to credible web sites and electronic resources",
      "page": 5
    },
    {
      "level": "H3",
      "text": "to digital government information",
      "page": 5
    },
    {
      "level": "H3",
      "text": "to local digital collections",
      "page": 5
    },
    {
      "level": "H3",
      "text": "Guidance and Advice:",
      "page": 5
    },
    {
      "level": "H3",
      "text": "to support e-learning",
      "page": 5
    },
    {
      "level": "H3",
      "text": "to support citizens, in real-time, as they try to use electronic resources",
      "page": 5
    },
    {
      "level": "H3",
      "text": "to assist citizens as they use web-links",
      "page": 5
    },
    {
      "level": "H3",
      "text": "Training:",
      "page": 5
    },
    {
      "level": "H3",
      "text": "for library workers",
      "page": 5
    },
    {
      "level": "H3",
      "text": "for the general public",
      "page": 5
    },
    {
      "level": "H3",
      "text": "Provincial Purchasing & Licensing:",
      "page": 5
    },
    {
      "level": "H3",
      "text": "of electronic content on a consortia basis for all member libraries",
      "page": 5
    },
    {
      "level": "H3",
      "text": "Technological Support:",
      "page": 5
    },
    {
      "level": "H3",
      "text": "of common standards for the preservation and archiving local digital content",
      "page": 5
    },
    {
      "level": "H3",
      "text": "of a common interface to ODL resources and services that can be imbedded in local",
      "page": 5
    },
    {
      "level": "H3",
      "text": "library web sites",
      "page": 5
    },
    {
      "level": "H3",
      "text": "What could the ODL really mean?",
      "page": 5
    },
    {
      "level": "H3",
      "text": "For each Ontario citizen it could mean:",
      "page": 5
    },
    {
      "level": "H3",
      "text": "One local point of entry to access seamless electronic library services and",
      "page": 5
    },
    {
      "level": "H3",
      "text": "resources for their personal, educational and professional needs;",
      "page": 5
    },
    {
      "level": "H3",
      "text": "Access to credible, high-quality, user-friendly electronic services through their",
      "page": 5
    },
    {
      "level": "H3",
      "text": "community, school, or academic library;",
      "page": 5
    },
    {
      "level": "H3",
      "text": "Confidence that the electronic services and sources they \u2013 and their children",
      "page": 5
    },
    {
      "level": "H3",
      "text": "\u2013 are using are safe, valid, and bringing them both global and local",
      "page": 5
    },
    {
      "level": "H3",
      "text": "perspectives;",
      "page": 5
    },
    {
      "level": "H3",
      "text": "Electronic information and tools that enhance job skills and the learning",
      "page": 5
    },
    {
      "level": "H3",
      "text": "experience",
      "page": 5
    },
    {
      "level": "H3",
      "text": "For each Ontario student it could mean:",
      "page": 5
    },
    {
      "level": "H3",
      "text": "One local point of entry to quality, curriculum- based electronic information",
      "page": 5
    },
    {
      "level": "H3",
      "text": "resources and services",
      "page": 5
    },
    {
      "level": "H3",
      "text": "Connection to their individual educational environment, whether at the",
      "page": 5
    },
    {
      "level": "H3",
      "text": "elementary, secondary or post-secondary levels",
      "page": 5
    },
    {
      "level": "H4",
      "text": "RFP: To Develop the Ontario Digital Library Business Plan",
      "page": 5
    },
    {
      "level": "H4",
      "text": "March 2003",
      "page": 5
    },
    {
      "level": "H3",
      "text": "Confidence that the services and resources people are using are credible,",
      "page": 6
    },
    {
      "level": "H3",
      "text": "available when they need them and adaptable to different learning styles",
      "page": 6
    },
    {
      "level": "H3",
      "text": "For each Ontario library it could mean:",
      "page": 6
    },
    {
      "level": "H3",
      "text": "One point of entry for themselves and their clientele to quality electronic",
      "page": 6
    },
    {
      "level": "H3",
      "text": "resources and services that support and enhance their collections, programs",
      "page": 6
    },
    {
      "level": "H3",
      "text": "and services",
      "page": 6
    },
    {
      "level": "H3",
      "text": "The opportunity to show case their local community, collections, services, and",
      "page": 6
    },
    {
      "level": "H3",
      "text": "expertise",
      "page": 6
    },
    {
      "level": "H3",
      "text": "The opportunity to gain from the provincial, collaborative partnership in order",
      "page": 6
    },
    {
      "level": "H3",
      "text": "to provide a seamless gateway to digital resources and services",
      "page": 6
    },
    {
      "level": "H3",
      "text": "For the Ontario government it could mean:",
      "page": 6
    },
    {
      "level": "H3",
      "text": "point of entry to information services and resources for all Ontario citizens,",
      "page": 6
    },
    {
      "level": "H3",
      "text": "connecting to portal initiatives",
      "page": 6
    },
    {
      "level": "H3",
      "text": "Support of the Ontario E-Learning strategy through a collaborative digital",
      "page": 6
    },
    {
      "level": "H3",
      "text": "library initiative that positions Ontario on the global e-learning scene",
      "page": 6
    },
    {
      "level": "H3",
      "text": "Improved access and flexibility for all students at all ages and stages",
      "page": 6
    },
    {
      "level": "H3",
      "text": "(supports Ontario\u2019s lifelong learning strategy)",
      "page": 6
    },
    {
      "level": "H3",
      "text": "The opportunity to address emerging job skills shortages and facilitate school",
      "page": 6
    },
    {
      "level": "H3",
      "text": "to work and job to job transitions with the necessary information and",
      "page": 6
    },
    {
      "level": "H3",
      "text": "knowledge supports and tools",
      "page": 6
    },
    {
      "level": "H3",
      "text": "ODL will be an incorporated non-profit organization governed by a Board of Directors elected",
      "page": 6
    },
    {
      "level": "H3",
      "text": "by a voting membership. The Board will include representatives from all stakeholders. We",
      "page": 6
    },
    {
      "level": "H3",
      "text": "envision a governance model similar to that prepared for the province\u2019s ORION network.",
      "page": 6
    },
    {
      "level": "H3",
      "text": "More information regarding the envisioned phasing, funding and resources required for the",
      "page": 6
    },
    {
      "level": "H3",
      "text": "ODL can be found in the appendixes.",
      "page": 6
    },
    {
      "level": "H3",
      "text": "The Business Plan to be Developed",
      "page": 6
    },
    {
      "level": "H3",
      "text": "The business plan which needs to be developed for the ODL must be a formal business plan",
      "page": 6
    },
    {
      "level": "H3",
      "text": "that documents and clearly communicates the ODL\u2019s services, funding and governance",
      "page": 6
    },
    {
      "level": "H3",
      "text": "structures, as well as implementation plans for 2004-2005, and operational plans for 2005-",
      "page": 6
    },
    {
      "level": "H3",
      "text": "2007. The planning process must also secure the full commitment of all stakeholders, as",
      "page": 6
    },
    {
      "level": "H3",
      "text": "represented on the Steering Committee.",
      "page": 6
    },
    {
      "level": "H3",
      "text": "Specifically, the business plan must include:",
      "page": 6
    },
    {
      "level": "H3",
      "text": "how the ODL will be implemented, including the timeline",
      "page": 6
    },
    {
      "level": "H3",
      "text": "the financial plan for the implementation",
      "page": 6
    },
    {
      "level": "H3",
      "text": "the financial plan for the first 2 operating years, including capital and operating costs,",
      "page": 6
    },
    {
      "level": "H3",
      "text": "revenues, etc.",
      "page": 6
    },
    {
      "level": "H3",
      "text": "a financial forecast for the succeeding 2 operating years",
      "page": 6
    },
    {
      "level": "H3",
      "text": "the services and products to be delivered by the ODL",
      "page": 6
    },
    {
      "level": "H3",
      "text": "how the ODL will operate and be managed following the implementation",
      "page": 6
    },
    {
      "level": "H3",
      "text": "who will be involved, and what their role/responsibility will be, for both the",
      "page": 6
    },
    {
      "level": "H3",
      "text": "implementation and operational stages",
      "page": 6
    },
    {
      "level": "H4",
      "text": "RFP: To Develop the Ontario Digital Library Business Plan",
      "page": 6
    },
    {
      "level": "H4",
      "text": "March 2003",
      "page": 6
    },
    {
      "level": "H3",
      "text": "the marketing and communications plan for the ODL",
      "page": 7
    },
    {
      "level": "H3",
      "text": "the commitment of all stakeholders to their responsibilities",
      "page": 7
    },
    {
      "level": "H3",
      "text": "The process of developing this business plan must be extremely consultative to ensure that",
      "page": 7
    },
    {
      "level": "H3",
      "text": "all stakeholders are engaged in creating a synergistic ODL organization.",
      "page": 7
    },
    {
      "level": "H3",
      "text": "The proposal must",
      "page": 7
    },
    {
      "level": "H3",
      "text": "indicate how this consultative process will be approached.",
      "page": 7
    },
    {
      "level": "H3",
      "text": "The business plan for the ODL must address significant issues. There are, for example,",
      "page": 7
    },
    {
      "level": "H3",
      "text": "enormous differences in the financial resources available to libraries mandated to provide",
      "page": 7
    },
    {
      "level": "H3",
      "text": "similar services. Some post-secondary and public libraries, particularly those in large urban",
      "page": 7
    },
    {
      "level": "H3",
      "text": "areas, have the facilities, funding and technological infrastructure necessary to service their",
      "page": 7
    },
    {
      "level": "H3",
      "text": "patrons with electronic services and resources.  Many others, particularly in rural regions, do",
      "page": 7
    },
    {
      "level": "H3",
      "text": "not.",
      "page": 7
    },
    {
      "level": "H3",
      "text": "The proposal must indicate how these issues will be approached.",
      "page": 7
    },
    {
      "level": "H3",
      "text": "Milestones",
      "page": 7
    },
    {
      "level": "H3",
      "text": "1) A preliminary report will be issued during June 2003.",
      "page": 7
    },
    {
      "level": "H3",
      "text": "2) It is expected that an Interim Report, suitable for distribution to the broader library",
      "page": 7
    },
    {
      "level": "H3",
      "text": "community will be available by August 1, 2003 and that there will be an opportunity",
      "page": 7
    },
    {
      "level": "H3",
      "text": "for responses to be evaluated.",
      "page": 7
    },
    {
      "level": "H3",
      "text": "3) The business plan must be completed and approved by the ODL Steering Committee",
      "page": 7
    },
    {
      "level": "H3",
      "text": "no later than September 30, 2003.",
      "page": 7
    },
    {
      "level": "H3",
      "text": "Approach and Specific Proposal Requirements",
      "page": 7
    },
    {
      "level": "H3",
      "text": "The firm/consultant",
      "page": 7
    },
    {
      "level": "H3",
      "text": "(or proposed team of consultants)",
      "page": 7
    },
    {
      "level": "H3",
      "text": "will be expected to work closely with",
      "page": 7
    },
    {
      "level": "H3",
      "text": "the ODL Steering Committee. Terms of reference for the Committee are in the appendix.",
      "page": 7
    },
    {
      "level": "H3",
      "text": "Given the consultative nature of this business planning process, the firm/consultant will also",
      "page": 7
    },
    {
      "level": "H3",
      "text": "be expected to travel and communicate regularly with various stakeholders as well as with",
      "page": 7
    },
    {
      "level": "H3",
      "text": "electronic resource publishers/vendors.",
      "page": 7
    },
    {
      "level": "H3",
      "text": "The proposal should include the following information:",
      "page": 7
    },
    {
      "level": "H3",
      "text": "a) name of the firm/consultant",
      "page": 7
    },
    {
      "level": "H3",
      "text": "b) names of those individuals who will be engaged in this project, their specific",
      "page": 7
    },
    {
      "level": "H3",
      "text": "responsibilities on this project and relevant experience/qualifications",
      "page": 7
    },
    {
      "level": "H3",
      "text": "c) description of similar engagements that highlight the firm\u2019s experience in business",
      "page": 7
    },
    {
      "level": "H3",
      "text": "planning and building stakeholder commitment",
      "page": 7
    },
    {
      "level": "H3",
      "text": "d) references with details of work completed for these references",
      "page": 7
    },
    {
      "level": "H3",
      "text": "e) description of the approach that will be used for completing the business plan,",
      "page": 7
    },
    {
      "level": "H3",
      "text": "including a timeline",
      "page": 7
    },
    {
      "level": "H3",
      "text": "f) cost to complete the study including estimated expenses (i.e.: travel, etc.) and payment",
      "page": 7
    },
    {
      "level": "H3",
      "text": "structure",
      "page": 7
    },
    {
      "level": "H4",
      "text": "RFP: To Develop the Ontario Digital Library Business Plan",
      "page": 7
    },
    {
      "level": "H4",
      "text": "March 2003",
      "page": 7
    },
    {
      "level": "H3",
      "text": "Evaluation and Awarding of Contract",
      "page": 8
    },
    {
      "level": "H3",
      "text": "The contract will be awarded to the bidder whose submission offers the best value; the contract will",
      "page": 8
    },
    {
      "level": "H3",
      "text": "not necessarily be awarded to the lowest bidder. We reserve the right not to award the contract to",
      "page": 8
    },
    {
      "level": "H3",
      "text": "any of the bidders responding to this RFP and we may seek further response.",
      "page": 8
    },
    {
      "level": "H3",
      "text": "Specifically, proposals will be evaluated proposals according to the following criteria:",
      "page": 8
    },
    {
      "level": "H3",
      "text": "Quality of the proposal /approach outlined for undertaking the business planning process",
      "page": 8
    },
    {
      "level": "H3",
      "text": "Demonstrated experience",
      "page": 8
    },
    {
      "level": "H3",
      "text": "Cost, including expenses",
      "page": 8
    },
    {
      "level": "H3",
      "text": "Timeline and projected completion date",
      "page": 8
    },
    {
      "level": "H3",
      "text": "Other relevant factors as determined by the ODL Steering Committee",
      "page": 8
    },
    {
      "level": "H3",
      "text": "Questions regarding this RFP should be directed by e-mail only to Michael Ridley",
      "page": 8
    },
    {
      "level": "H3",
      "text": "(mridley@uoguelph.ca).",
      "page": 8
    },
    {
      "level": "H3",
      "text": "Bidders are asked not to contact any other member of the ODL Catalyst Team or the ODL Steering",
      "page": 8
    },
    {
      "level": "H3",
      "text": "Committee.",
      "page": 8
    },
    {
      "level": "H4",
      "text": "RFP: To Develop the Ontario Digital Library Business Plan",
      "page": 8
    },
    {
      "level": "H4",
      "text": "March 2003",
      "page": 8
    },
    {
      "level": "H3",
      "text": "Appendix A:  ODL Envisioned Phases & Funding",
      "page": 9
    },
    {
      "level": "H4",
      "text": "Phase I:  Business Planning",
      "page": 9
    },
    {
      "level": "H4",
      "text": "Timeline:",
      "page": 9
    },
    {
      "level": "H4",
      "text": "March 2003 \u2013 September 2003",
      "page": 9
    },
    {
      "level": "H4",
      "text": "Funding Requested:",
      "page": 9
    },
    {
      "level": "H4",
      "text": "~$100,000 jointly funded by stakeholder groups and the provincial government.",
      "page": 9
    },
    {
      "level": "H4",
      "text": "Result:",
      "page": 9
    },
    {
      "level": "H4",
      "text": "The ODL business plan",
      "page": 9
    },
    {
      "level": "H4",
      "text": "The first phase will be to build the ODL business plan. This plan will clearly define the ODL\u2019s services,",
      "page": 9
    },
    {
      "level": "H4",
      "text": "funding and governance structures, as well as implementation plans for 2003-2005. It will also secure",
      "page": 9
    },
    {
      "level": "H4",
      "text": "the full commitment of all stakeholders and scope the operational plan for ODL for 2006 and beyond.",
      "page": 9
    },
    {
      "level": "H4",
      "text": "Given the number and diversity of stakeholders involved, the business planning process must be a fully",
      "page": 9
    },
    {
      "level": "H4",
      "text": "consultative approach. To ensure that the planning results in a workable plan with the full commitment",
      "page": 9
    },
    {
      "level": "H4",
      "text": "of all stakeholders it must have competent, dedicated staffing and monies for the travel and",
      "page": 9
    },
    {
      "level": "H4",
      "text": "communication components so critical in a consultative process.",
      "page": 9
    },
    {
      "level": "H4",
      "text": "Phase II: Implementing and Transitioning",
      "page": 9
    },
    {
      "level": "H4",
      "text": "April 2004 \u2013 December 2006",
      "page": 9
    },
    {
      "level": "H4",
      "text": "Funding from other states and provinces suggest that the ODL could receive",
      "page": 9
    },
    {
      "level": "H4",
      "text": "funding of up to $50 Million (over 3 years). Funding to be provided partnership of government, library",
      "page": 9
    },
    {
      "level": "H4",
      "text": "stakeholders and other interested parties.",
      "page": 9
    },
    {
      "level": "H4",
      "text": "The ODL is implemented and validated",
      "page": 9
    },
    {
      "level": "H4",
      "text": "The second phase will be to implement the ODL based on the business plan. This phase recognizes",
      "page": 9
    },
    {
      "level": "H4",
      "text": "that for ODL to be optimally successful libraries must transition to a new way of doing business and",
      "page": 9
    },
    {
      "level": "H4",
      "text": "providing services. The transition must occur while libraries continue to provide existing services and",
      "page": 9
    },
    {
      "level": "H4",
      "text": "respond to current challenges. This implementation phase will funded by a partnership of government,",
      "page": 9
    },
    {
      "level": "H4",
      "text": "library stakeholders and other interested parties as a means to quickly jumpstart the ODL.",
      "page": 9
    },
    {
      "level": "H4",
      "text": "The seed money requested will allow libraries to realign their budgets and services as the infrastructure",
      "page": 9
    },
    {
      "level": "H4",
      "text": "and content of the ODL is created and secured.",
      "page": 9
    },
    {
      "level": "H4",
      "text": "Some of the funding will be new money, although there",
      "page": 9
    },
    {
      "level": "H4",
      "text": "is every indication that existing budgets and methods of operating may be modified as a result of",
      "page": 9
    },
    {
      "level": "H4",
      "text": "recommendations",
      "page": 9
    },
    {
      "level": "H4",
      "text": ". During this phase the polices, procedures, governance structures and accountability",
      "page": 9
    },
    {
      "level": "H4",
      "text": "mechanisms of the ODL will be put in place. Pilot projects will be initiated, evaluated and expanded.",
      "page": 9
    },
    {
      "level": "H4",
      "text": "Information resources will be identified, contracts for these resources will be negotiated and resources",
      "page": 9
    },
    {
      "level": "H4",
      "text": "will be made deployed through the ODL. Regular evaluation during this phase will ensure the ODL is",
      "page": 9
    },
    {
      "level": "H4",
      "text": "achieving its objectives and is accountable to its key communities.",
      "page": 9
    },
    {
      "level": "H4",
      "text": "Phase III: Operating and Growing the ODL",
      "page": 9
    },
    {
      "level": "H4",
      "text": "January 2007 -",
      "page": 9
    },
    {
      "level": "H4",
      "text": "Funding:",
      "page": 9
    },
    {
      "level": "H4",
      "text": "$50 Million annually ($35 Million requested from government)",
      "page": 9
    },
    {
      "level": "H4",
      "text": "The ODL is fully operational and sustainable",
      "page": 9
    },
    {
      "level": "H4",
      "text": "In the third phase the ODL moves into the operational stage. Ontarians will experience the full benefits",
      "page": 9
    },
    {
      "level": "H4",
      "text": "of the initiative and libraries will consolidate support around the ODL to grow resources and extend",
      "page": 9
    },
    {
      "level": "H4",
      "text": "RFP: To Develop the Ontario Digital Library Business Plan",
      "page": 9
    },
    {
      "level": "H4",
      "text": "March 2003",
      "page": 9
    },
    {
      "level": "H4",
      "text": "capabilities. The challenge is to secure resources sufficient to both sustain the original investments and",
      "page": 10
    },
    {
      "level": "H4",
      "text": "to enhance the ODL.",
      "page": 10
    },
    {
      "level": "H4",
      "text": "The ongoing funding of the ODL will be based on a partnership model involving all the key participants",
      "page": 10
    },
    {
      "level": "H4",
      "text": "(i.e. government, libraries, donors, public and private sectors). All participants (i.e. beneficiaries) are",
      "page": 10
    },
    {
      "level": "H4",
      "text": "expected to make financial contributions to the ODL. It is important in achieving the full impact of the",
      "page": 10
    },
    {
      "level": "H4",
      "text": "ODL on Ontario\u2019s economy, society and learning support that all library sectors are participants",
      "page": 10
    },
    {
      "level": "H4",
      "text": "(university, colleges, public libraries and schools).",
      "page": 10
    },
    {
      "level": "H4",
      "text": "The proposed funding model requires a continuing government investment, but also recognizes that as",
      "page": 10
    },
    {
      "level": "H4",
      "text": "the ODL matures a growing share of ODL funding will come from libraries and non-governmental",
      "page": 10
    },
    {
      "level": "H4",
      "text": "sources. During the 3-year implementation phase (2004 \u2013 2006) libraries will realign their budgets to",
      "page": 10
    },
    {
      "level": "H4",
      "text": "enable ongoing funding contributions to ODL. During the same period ODL must build the proposed",
      "page": 10
    },
    {
      "level": "H4",
      "text": "endowment and secure public and private sector gifts and/or in-kind contributions. The following chart",
      "page": 10
    },
    {
      "level": "H4",
      "text": "outlines the model. This model is based on these assumptions:",
      "page": 10
    },
    {
      "level": "H4",
      "text": "1. that ODL expenditures will increase by 50% over a 10 year period",
      "page": 10
    },
    {
      "level": "H4",
      "text": "2. that government funding will decrease from 70% to 45% during that 10 year period",
      "page": 10
    },
    {
      "level": "H4",
      "text": "3. that library contributions, endowment and gifts/in-kind funding will increase from 30% to 55%",
      "page": 10
    },
    {
      "level": "H4",
      "text": "during the same period",
      "page": 10
    },
    {
      "level": "H4",
      "text": "OVERVIEW OF ODL FUNDING MODEL",
      "page": 10
    },
    {
      "level": "H3",
      "text": "Funding Source",
      "page": 10
    },
    {
      "level": "H3",
      "text": "2007",
      "page": 10
    },
    {
      "level": "H3",
      "text": "2017",
      "page": 10
    },
    {
      "level": "H4",
      "text": "Government",
      "page": 10
    },
    {
      "level": "H4",
      "text": "$35M (70%)",
      "page": 10
    },
    {
      "level": "H4",
      "text": "$33.75M (45%)",
      "page": 10
    },
    {
      "level": "H4",
      "text": "Libraries",
      "page": 10
    },
    {
      "level": "H4",
      "text": "$10M (20%)",
      "page": 10
    },
    {
      "level": "H4",
      "text": "$22.5M (30%)",
      "page": 10
    },
    {
      "level": "H4",
      "text": "Endowment",
      "page": 10
    },
    {
      "level": "H4",
      "text": "$4.5M (9%)",
      "page": 10
    },
    {
      "level": "H4",
      "text": "$15M (20%)",
      "page": 10
    },
    {
      "level": "H4",
      "text": "Gifts/In-Kind",
      "page": 10
    },
    {
      "level": "H4",
      "text": "$0.5M (1%)",
      "page": 10
    },
    {
      "level": "H4",
      "text": "$3.75M (5%)",
      "page": 10
    },
    {
      "level": "H4",
      "text": "TOTAL ANNUAL",
      "page": 10
    },
    {
      "level": "H4",
      "text": "$50M",
      "page": 10
    },
    {
      "level": "H4",
      "text": "$75M",
      "page": 10
    },
    {
      "level": "H4",
      "text": "While the private sector will be invited to participate in the ODL through the endowment, gifts and in-",
      "page": 10
    },
    {
      "level": "H4",
      "text": "kind contributions, the ODL will also explore compatible commercial services which leverage the reach",
      "page": 10
    },
    {
      "level": "H4",
      "text": "of the ODL and help to offset operating costs.",
      "page": 10
    },
    {
      "level": "H4",
      "text": "A $50M budget leverages the consortium buying power of the province\u2019s libraries to secure the best",
      "page": 10
    },
    {
      "level": "H4",
      "text": "prices for information resources, the widest accessibility and the most favourable contracts. A budget of",
      "page": 10
    },
    {
      "level": "H4",
      "text": "this nature will ensure a core digital collection of sufficient scope and coverage to address a substantial",
      "page": 10
    },
    {
      "level": "H4",
      "text": "amount of the wide and diverse information and learning needs of the citizens of Ontario (an overview",
      "page": 10
    },
    {
      "level": "H4",
      "text": "of the nature of the ODL digital collection is appended).",
      "page": 10
    },
    {
      "level": "H4",
      "text": "The proposed ODL expenditures in 2006",
      "page": 10
    },
    {
      "level": "H4",
      "text": "represent an investment of $5.00 per citizen.",
      "page": 10
    },
    {
      "level": "H4",
      "text": "It is important to recognize that every new dollar per citizen invested in the Ontario Digital Library has a",
      "page": 10
    },
    {
      "level": "H4",
      "text": "double benefit: it supports a province-wide library of high quality information resources and it",
      "page": 10
    },
    {
      "level": "H4",
      "text": "strengthens every local library in Ontario by allowing them to reinvest existing dollars in new resources",
      "page": 10
    },
    {
      "level": "H4",
      "text": "that enhance local services.",
      "page": 10
    },
    {
      "level": "H4",
      "text": "This multiplier means that for every dollar invested in ODL the return",
      "page": 10
    },
    {
      "level": "H4",
      "text": "on investment is worth $2 of value for Ontario.",
      "page": 10
    },
    {
      "level": "H4",
      "text": "RFP: To Develop the Ontario Digital Library Business Plan",
      "page": 10
    },
    {
      "level": "H4",
      "text": "March 2003",
      "page": 10
    },
    {
      "level": "H3",
      "text": "Appendix B:",
      "page": 11
    },
    {
      "level": "H3",
      "text": "ODL Steering Committee Terms of Reference",
      "page": 11
    },
    {
      "level": "H4",
      "text": "1. Preamble",
      "page": 11
    },
    {
      "level": "H4",
      "text": "Implementation of the Ontario Digital Library (ODL) requires a detailed business plan to be developed",
      "page": 11
    },
    {
      "level": "H4",
      "text": "and supported by its diverse stakeholder communities (see:",
      "page": 11
    },
    {
      "level": "H4",
      "text": "www.odl.on.ca",
      "page": 11
    },
    {
      "level": "H4",
      "text": ").  The business",
      "page": 11
    },
    {
      "level": "H4",
      "text": "development planning and commitment process will be overseen by a Steering Committee, who are",
      "page": 11
    },
    {
      "level": "H4",
      "text": "accountable to potential ODL funders including  the Province of Ontario.",
      "page": 11
    },
    {
      "level": "H4",
      "text": "2. Terms of Reference",
      "page": 11
    },
    {
      "level": "H4",
      "text": "In broad terms, the ODL Business Plan Steering Committee is responsible for development of the",
      "page": 11
    },
    {
      "level": "H4",
      "text": "business plan, securing sector support, and management of the planners and process.  Specific",
      "page": 11
    },
    {
      "level": "H4",
      "text": "responsibilities include:",
      "page": 11
    },
    {
      "level": "H4",
      "text": "2.1 developing a detailed business plan for the three-year implementation phase of the ODL, including",
      "page": 11
    },
    {
      "level": "H4",
      "text": "governance, management, funding model and structure, organizational structure, marketing,",
      "page": 11
    },
    {
      "level": "H4",
      "text": "staffing, and evaluation;",
      "page": 11
    },
    {
      "level": "H4",
      "text": "2.2 consulting with and reporting to stakeholder communities, to ensure open, consistent and two-way",
      "page": 11
    },
    {
      "level": "H4",
      "text": "communication, and to ensure meaningful opportunities for stakeholder input into decision-",
      "page": 11
    },
    {
      "level": "H4",
      "text": "making;",
      "page": 11
    },
    {
      "level": "H4",
      "text": "2.3 recruiting and managing the business planner(s);",
      "page": 11
    },
    {
      "level": "H4",
      "text": "2.4 defining terms of reference and resource parameters for business planner(s), and authorizing",
      "page": 11
    },
    {
      "level": "H4",
      "text": "expenditures;",
      "page": 11
    },
    {
      "level": "H4",
      "text": "2.5 serving as a focus group for business planner(s) to test ideas;",
      "page": 11
    },
    {
      "level": "H4",
      "text": "2.6 providing signoff for business planner(s) at key decision points of business plan development;",
      "page": 11
    },
    {
      "level": "H4",
      "text": "2.7 securing commitment from library, government, and institutional stakeholders for implementation",
      "page": 11
    },
    {
      "level": "H4",
      "text": "of the business plan;",
      "page": 11
    },
    {
      "level": "H4",
      "text": "2.8 presenting the business plan to funders",
      "page": 11
    },
    {
      "level": "H4",
      "text": "2.9 undertaking advocacy efforts to promote the ODL to the broader communities including library",
      "page": 11
    },
    {
      "level": "H4",
      "text": "and education communities.",
      "page": 11
    },
    {
      "level": "H4",
      "text": "3. Membership",
      "page": 11
    },
    {
      "level": "H4",
      "text": "Each of the four sectors, Schools, Colleges, Universities, and Public Libraries can appoint up to two",
      "page": 11
    },
    {
      "level": "H4",
      "text": "representatives to the steering committee",
      "page": 11
    },
    {
      "level": "H4",
      "text": "3.1 Schools:",
      "page": 11
    },
    {
      "level": "H4",
      "text": "- Ontario School Library Association (OSLA) and The Association of Library Consultants and",
      "page": 11
    },
    {
      "level": "H4",
      "text": "Coordinators of Ontario (TALCO)  (",
      "page": 11
    },
    {
      "level": "H4",
      "text": "Executive Council of OSLA to name representative in",
      "page": 11
    },
    {
      "level": "H4",
      "text": "consultation with TALCO",
      "page": 11
    },
    {
      "level": "H4",
      "text": "3.2 Universities:",
      "page": 11
    },
    {
      "level": "H4",
      "text": "- Ontario Council of University Libraries (OCUL) (",
      "page": 11
    },
    {
      "level": "H4",
      "text": "OCUL to name",
      "page": 11
    },
    {
      "level": "H4",
      "text": "3.3 Colleges:",
      "page": 11
    },
    {
      "level": "H4",
      "text": "- Bibliocentre, and Heads of Libraries and Learning Resources (UAG and HLLR",
      "page": 11
    },
    {
      "level": "H4",
      "text": "to name",
      "page": 11
    },
    {
      "level": "H4",
      "text": "3.4 Public libraries:",
      "page": 11
    },
    {
      "level": "H4",
      "text": "- Administrators of Medium-sized Public Libraries of Ontario (AMPLO), Administrators of Rural",
      "page": 11
    },
    {
      "level": "H4",
      "text": "Urban Public Libraries of Ontario (ARUPLO), Administrators of Small Public Libraries of",
      "page": 11
    },
    {
      "level": "H4",
      "text": "Ontario (ASPLO) and Chief Executives of Large-sized Public Libraries of Ontario (CELPLO)",
      "page": 11
    },
    {
      "level": "H4",
      "text": "Executives of AMPLO, ARUPLO, ASPLO and CELPLO to name",
      "page": 11
    },
    {
      "level": "H4",
      "text": "RFP: To Develop the Ontario Digital Library Business Plan",
      "page": 11
    },
    {
      "level": "H4",
      "text": "March 2003",
      "page": 11
    },
    {
      "level": "H4",
      "text": "3.5 Ontario Library Association representative (ex-officio)  (",
      "page": 12
    },
    {
      "level": "H4",
      "text": "OLA to appoint one representative",
      "page": 12
    },
    {
      "level": "H4",
      "text": "- Role of the OLA ex-officio member: To act as a liaison between the steering committee and",
      "page": 12
    },
    {
      "level": "H4",
      "text": "the OLA Board, and to assist the chair with the administrative responsibilities connected with",
      "page": 12
    },
    {
      "level": "H4",
      "text": "the preparation of the business plan, finance, and communications.",
      "page": 12
    },
    {
      "level": "H4",
      "text": "3.6 It is anticipated that as planning for the ODL evolves, the Steering Committee may, at its",
      "page": 12
    },
    {
      "level": "H4",
      "text": "discretion, call on invited experts to advise on issues as required.",
      "page": 12
    },
    {
      "level": "H4",
      "text": "4. Appointment Criteria and Process",
      "page": 12
    },
    {
      "level": "H4",
      "text": "Groups and organizations named in Section 3 above are responsible for appointing up to two",
      "page": 12
    },
    {
      "level": "H4",
      "text": "representatives to the Steering Committee.",
      "page": 12
    },
    {
      "level": "H4",
      "text": "Desired characteristics for steering committee appointees include:",
      "page": 12
    },
    {
      "level": "H4",
      "text": "Strategic thinkers;",
      "page": 12
    },
    {
      "level": "H4",
      "text": "Committed to the concept of multi-sector partnerships;",
      "page": 12
    },
    {
      "level": "H4",
      "text": "Knowledgeable about digital libraries and resources;",
      "page": 12
    },
    {
      "level": "H4",
      "text": "Knowledgeable about government structures;",
      "page": 12
    },
    {
      "level": "H4",
      "text": "Respected by their communities; influential;",
      "page": 12
    },
    {
      "level": "H4",
      "text": "Able to take a consultative approach;",
      "page": 12
    },
    {
      "level": "H4",
      "text": "Able to devote time to Steering Committee business: approximately one day per month for",
      "page": 12
    },
    {
      "level": "H4",
      "text": "meetings plus 2-3 working days per month on related activities",
      "page": 12
    },
    {
      "level": "H4",
      "text": "5. Term",
      "page": 12
    },
    {
      "level": "H4",
      "text": "Expected term on the Steering Committee is the time required to complete development of the",
      "page": 12
    },
    {
      "level": "H4",
      "text": "business plan plus two months. This process is expected to take approximately 6 months.",
      "page": 12
    },
    {
      "level": "H4",
      "text": "6. Chair",
      "page": 12
    },
    {
      "level": "H4",
      "text": "Chair will be appointed by the Board of the Ontario Library Association.",
      "page": 12
    },
    {
      "level": "H4",
      "text": "Role of the Chair:",
      "page": 12
    },
    {
      "level": "H4",
      "text": "In addition to the characteristics for appointees (4.2) the role of the chair will be as a process agent",
      "page": 12
    },
    {
      "level": "H4",
      "text": "working with the selected consultant(s), OLA, and the Steering Committee to prepare the business",
      "page": 12
    },
    {
      "level": "H4",
      "text": "plan. The chair must be able to devote 5-8 days per month on activities related to the preparation of",
      "page": 12
    },
    {
      "level": "H4",
      "text": "the business plan, and communications to stakeholders, funders, and government.",
      "page": 12
    },
    {
      "level": "H4",
      "text": "7. Meetings",
      "page": 12
    },
    {
      "level": "H4",
      "text": "It is expected that in person meetings are held once per month and the majority of business will be",
      "page": 12
    },
    {
      "level": "H4",
      "text": "conducted by e-mail, and teleconference.",
      "page": 12
    },
    {
      "level": "H4",
      "text": "8. Lines of Accountability and Communication",
      "page": 12
    },
    {
      "level": "H4",
      "text": "8.1 The Steering Committee is accountable to the Province of Ontario, and to its business plan",
      "page": 12
    },
    {
      "level": "H4",
      "text": "funders.",
      "page": 12
    },
    {
      "level": "H4",
      "text": "8.2 The role of the Ontario Library Association is to assume responsibility for  funds contributed by the",
      "page": 12
    },
    {
      "level": "H4",
      "text": "ODL funders to finance the business plan, to hold the funds in a separate account, and",
      "page": 12
    },
    {
      "level": "H4",
      "text": "disperse them for purposes as  directed by the Steering Committee. OLA will provide",
      "page": 12
    },
    {
      "level": "H4",
      "text": "financial reports to the Steering Committee as requested and shall comply with all",
      "page": 12
    },
    {
      "level": "H4",
      "text": "government reporting regulations for funds received.",
      "page": 12
    },
    {
      "level": "H4",
      "text": "RFP: To Develop the Ontario Digital Library Business Plan",
      "page": 12
    },
    {
      "level": "H4",
      "text": "March 2003",
      "page": 12
    },
    {
      "level": "H4",
      "text": "8.3 The Steering Committee is accountable to its constituent groups and other stakeholders for",
      "page": 13
    },
    {
      "level": "H4",
      "text": "ongoing communications and consultation on issues and progress.  The Steering committee",
      "page": 13
    },
    {
      "level": "H4",
      "text": "is responsible for strong liaison with government particularly the Chief Information Officer",
      "page": 13
    },
    {
      "level": "H4",
      "text": "Community Services Cluster, ADM\u2019s and Deputy Ministers.",
      "page": 13
    },
    {
      "level": "H4",
      "text": "9. Financial and Administrative Policies",
      "page": 13
    },
    {
      "level": "H4",
      "text": "9.1 Service on the Steering Committee is non-remunerative",
      "page": 13
    },
    {
      "level": "H4",
      "text": "9.2 Travel and meeting expenses for Steering Committee members are reimbursed according to the",
      "page": 13
    },
    {
      "level": "H4",
      "text": "policies of the Ontario Library Association",
      "page": 13
    },
    {
      "level": "H4",
      "text": "9.3 Conflict of Interest:",
      "page": 13
    },
    {
      "level": "H4",
      "text": "The ODL Steering Committee will function according to standard conflict of interest guidelines",
      "page": 13
    },
    {
      "level": "H4",
      "text": "ensuring that members,  their immediate family members, or their places of employment, will",
      "page": 13
    },
    {
      "level": "H4",
      "text": "not benefit financially from the decisions  the Steering Committee might make. As a first",
      "page": 13
    },
    {
      "level": "H4",
      "text": "order of business, the Steering Committee will be expected to adopt a conflict of interest policy",
      "page": 13
    },
    {
      "level": "H4",
      "text": "statement and procedural guidelines that will govern its work.",
      "page": 13
    },
    {
      "level": "H4",
      "text": "RFP: To Develop the Ontario Digital Library Business Plan",
      "page": 13
    },
    {
      "level": "H4",
      "text": "March 2003",
      "page": 13
    },
    {
      "level": "H3",
      "text": "Appendix C:",
      "page": 14
    },
    {
      "level": "H3",
      "text": "ODL\u2019s Envisioned Electronic Resources",
      "page": 14
    },
    {
      "level": "H4",
      "text": "The purpose of the ODL is to provide equal access to information for all Ontario citizens through",
      "page": 14
    },
    {
      "level": "H4",
      "text": "collaboration and resource sharing. ODL will be a portal - capable of customization as",
      "page": 14
    },
    {
      "level": "H4",
      "text": "a home page for local libraries - to organized, comprehensive, authoritative and validated",
      "page": 14
    },
    {
      "level": "H4",
      "text": "e-information resources to meet the needs of all Ontario citizens at all stages and in all aspects",
      "page": 14
    },
    {
      "level": "H4",
      "text": "of their education, life and work. Some examples:",
      "page": 14
    },
    {
      "level": "H4",
      "text": "1. Reference Resources",
      "page": 14
    },
    {
      "level": "H4",
      "text": "- directories: companies, associations, organizations, governments, educational institutions,",
      "page": 14
    },
    {
      "level": "H4",
      "text": "etc. etc.",
      "page": 14
    },
    {
      "level": "H4",
      "text": "- almanacs, country information",
      "page": 14
    },
    {
      "level": "H4",
      "text": "- dictionaries, thesauri, encyclopedias",
      "page": 14
    },
    {
      "level": "H4",
      "text": "-consumer information",
      "page": 14
    },
    {
      "level": "H4",
      "text": "- phone books,",
      "page": 14
    },
    {
      "level": "H4",
      "text": "- travel guides, entertainment guides",
      "page": 14
    },
    {
      "level": "H4",
      "text": "- weather information",
      "page": 14
    },
    {
      "level": "H4",
      "text": "- media/newspapers",
      "page": 14
    },
    {
      "level": "H4",
      "text": "- leisure time, recreational activity guides",
      "page": 14
    },
    {
      "level": "H4",
      "text": "- indexing and abstracting services",
      "page": 14
    },
    {
      "level": "H4",
      "text": "- currency converters,",
      "page": 14
    },
    {
      "level": "H4",
      "text": "- virtual reference services",
      "page": 14
    },
    {
      "level": "H4",
      "text": "-vocational/career information",
      "page": 14
    },
    {
      "level": "H4",
      "text": "-internet search engines",
      "page": 14
    },
    {
      "level": "H4",
      "text": "-current awareness services",
      "page": 14
    },
    {
      "level": "H4",
      "text": "2. Subject Guides",
      "page": 14
    },
    {
      "level": "H4",
      "text": "-arts and humanities",
      "page": 14
    },
    {
      "level": "H4",
      "text": "- business and economics",
      "page": 14
    },
    {
      "level": "H4",
      "text": "- education",
      "page": 14
    },
    {
      "level": "H4",
      "text": "-recreation and sports",
      "page": 14
    },
    {
      "level": "H4",
      "text": "-entertainment - games, activities for kids",
      "page": 14
    },
    {
      "level": "H4",
      "text": "-health information",
      "page": 14
    },
    {
      "level": "H4",
      "text": "-science and technology",
      "page": 14
    },
    {
      "level": "H4",
      "text": "-social sciences",
      "page": 14
    },
    {
      "level": "H4",
      "text": "-society and culture",
      "page": 14
    },
    {
      "level": "H4",
      "text": "3. Educational tool-kits",
      "page": 14
    },
    {
      "level": "H4",
      "text": "-guides to information gathering methodologies, information literacy",
      "page": 14
    },
    {
      "level": "H4",
      "text": "-study guides",
      "page": 14
    },
    {
      "level": "H4",
      "text": "-study skill development",
      "page": 14
    },
    {
      "level": "H4",
      "text": "-web-based curricula",
      "page": 14
    },
    {
      "level": "H4",
      "text": "-internet search guides",
      "page": 14
    },
    {
      "level": "H4",
      "text": "4. Journals, books, maps, music etc.",
      "page": 14
    },
    {
      "level": "H4",
      "text": "RFP: To Develop the Ontario Digital Library Business Plan",
      "page": 14
    },
    {
      "level": "H4",
      "text": "March 2003",
      "page": 14
    }
  ]
}