{
  "title": "Parsippany -Troy Hills STEM Pathways",
  "outline": [
    {
      "level": "H1",
      "text": "Parsippany -Troy Hills STEM Pathways",
      "page": 1
    },
    {
      "level": "H2",
      "text": "Mission Statement:",
      "page": 1
    },
    {
      "level": "H3",
      "text": "To provide PTHSD high school students with the opportunity to",
      "page": 1
    },
    {
      "level": "H3",
      "text": "concentrate their studies, beyond those required in high school, in the areas of science,",
      "page": 1
    },
    {
      "level": "H3",
      "text": "technology, engineering, and mathematics, and expose students to relevant real world",
      "page": 1
    },
    {
      "level": "H3",
      "text": "experiences through project work, conferences and presentations to enhance their high school",
      "page": 1
    },
    {
      "level": "H3",
      "text": "experience.",
      "page": 1
    },
    {
      "level": "H2",
      "text": "PATHWAY OPTIONS",
      "page": 1
    },
    {
      "level": "H2",
      "text": "REGULAR PATHWAY",
      "page": 1
    },
    {
      "level": "H4",
      "text": "4 credits of Math",
      "page": 1
    },
    {
      "level": "H4",
      "text": "4 credits of Science",
      "page": 1
    },
    {
      "level": "H4",
      "text": "4 credits of STEM-designated electives",
      "page": 1
    },
    {
      "level": "H4",
      "text": "Maintain an overall 2.85 GPA",
      "page": 1
    },
    {
      "level": "H4",
      "text": "Participate in a minimum of 3 STEM",
      "page": 1
    },
    {
      "level": "H4",
      "text": "presentations/conferences each year",
      "page": 1
    },
    {
      "level": "H4",
      "text": "with a required minimum total of 12",
      "page": 1
    },
    {
      "level": "H4",
      "text": "presentations/conferences throughout",
      "page": 1
    },
    {
      "level": "H4",
      "text": "the 4 years",
      "page": 1
    },
    {
      "level": "H4",
      "text": "Join and actively participate in a",
      "page": 1
    },
    {
      "level": "H4",
      "text": "STEM-related extracurricular activity or",
      "page": 1
    },
    {
      "level": "H4",
      "text": "club every year of attendance. -",
      "page": 1
    },
    {
      "level": "H2",
      "text": "DISTINCTION PATHWAY",
      "page": 1
    },
    {
      "level": "H4",
      "text": "4 credits of Math - At least one math",
      "page": 1
    },
    {
      "level": "H4",
      "text": "course should be an AP Math class.",
      "page": 1
    },
    {
      "level": "H4",
      "text": "4 credits of Science- At least one",
      "page": 1
    },
    {
      "level": "H4",
      "text": "science course should be an AP",
      "page": 1
    },
    {
      "level": "H4",
      "text": "Science class.",
      "page": 1
    },
    {
      "level": "H4",
      "text": "- One must be a Computer",
      "page": 1
    },
    {
      "level": "H4",
      "text": "Science/Technology Class",
      "page": 1
    },
    {
      "level": "H4",
      "text": "Maintain an overall 3.5 GPA",
      "page": 1
    },
    {
      "level": "H4",
      "text": "presentations/conferences a year with a",
      "page": 1
    },
    {
      "level": "H4",
      "text": "required minimum total of 12",
      "page": 1
    },
    {
      "level": "H4",
      "text": "the 4 years.",
      "page": 1
    },
    {
      "level": "H4",
      "text": "club every year of attendance.",
      "page": 1
    },
    {
      "level": "H4",
      "text": "Either participate in an internship or",
      "page": 1
    },
    {
      "level": "H4",
      "text": "design and implement a community",
      "page": 1
    },
    {
      "level": "H4",
      "text": "impact project.",
      "page": 1
    },
    {
      "level": "H2",
      "text": "Goals:",
      "page": 1
    },
    {
      "level": "H3",
      "text": "Inspire keen interest in mathematics, science, engineering, and",
      "page": 1
    },
    {
      "level": "H3",
      "text": "technology, develop strong scholarship in the subject and",
      "page": 1
    },
    {
      "level": "H3",
      "text": "promote the enjoyment of these studies in high school.",
      "page": 1
    },
    {
      "level": "H3",
      "text": "Expose students to potential career opportunities in the field.",
      "page": 1
    },
    {
      "level": "H3",
      "text": "Encourage students to pursue higher education and major in",
      "page": 1
    },
    {
      "level": "H3",
      "text": "STEM careers.",
      "page": 1
    },
    {
      "level": "H3",
      "text": "\u2022 Promote interactions with STEM professionals to learn about",
      "page": 1
    },
    {
      "level": "H3",
      "text": "future opportunities.",
      "page": 1
    },
    {
      "level": "H3",
      "text": "\u2022 Support field experiences connected to the world outside of",
      "page": 1
    },
    {
      "level": "H3",
      "text": "the school building.",
      "page": 1
    },
    {
      "level": "H3",
      "text": "\u2022 Signal to employers, universities, training programs, and",
      "page": 1
    },
    {
      "level": "H3",
      "text": "military that a student has completed a comprehensive course",
      "page": 1
    },
    {
      "level": "H3",
      "text": "of study in a specialized area.",
      "page": 1
    },
    {
      "level": "H3",
      "text": "\u2022 Cultivate transferable work habits such as perseverance, goal",
      "page": 1
    },
    {
      "level": "H3",
      "text": "setting, and self-direction.",
      "page": 1
    }
  ]
}