{
  "title": "Application form for grant of LTC advance",
  "outline": [
    {
      "level": "H1",
      "text": "Application form for grant of LTC advance",
      "page": 1
    },
    {
      "level": "H2",
      "text": "Name of the Government Servant",
      "page": 1
    },
    {
      "level": "H2",
      "text": "Designation",
      "page": 1
    },
    {
      "level": "H2",
      "text": "Date of entering the Central Government",
      "page": 1
    },
    {
      "level": "H2",
      "text": "Service",
      "page": 1
    },
    {
      "level": "H2",
      "text": "PAY + SI + NPA",
      "page": 1
    },
    {
      "level": "H2",
      "text": "Whether permanent or temporary",
      "page": 1
    },
    {
      "level": "H2",
      "text": "Home Town as recorded in the Service Book",
      "page": 1
    },
    {
      "level": "H2",
      "text": "Whether wife / husband is employed and if",
      "page": 1
    },
    {
      "level": "H2",
      "text": "so whether entitled to LTC",
      "page": 1
    },
    {
      "level": "H2",
      "text": "Whether the concession is to be availed for",
      "page": 1
    },
    {
      "level": "H2",
      "text": "visiting home town and if so block for which",
      "page": 1
    },
    {
      "level": "H2",
      "text": "LTC is to be availed.",
      "page": 1
    },
    {
      "level": "H2",
      "text": "(a) If the concession is to visit anywhere in",
      "page": 1
    },
    {
      "level": "H2",
      "text": "India, the place to be visited.",
      "page": 1
    },
    {
      "level": "H2",
      "text": "(b) Block for which to be availed.",
      "page": 1
    },
    {
      "level": "H2",
      "text": "Single",
      "page": 1
    },
    {
      "level": "H2",
      "text": "rail",
      "page": 1
    },
    {
      "level": "H2",
      "text": "fare/bus",
      "page": 1
    },
    {
      "level": "H2",
      "text": "fare",
      "page": 1
    },
    {
      "level": "H2",
      "text": "from",
      "page": 1
    },
    {
      "level": "H2",
      "text": "headquarters to home town/place of visit by",
      "page": 1
    },
    {
      "level": "H2",
      "text": "shortest route.",
      "page": 1
    },
    {
      "level": "H2",
      "text": "Persons in respect of whom LTC is proposed to be availed.",
      "page": 1
    },
    {
      "level": "H2",
      "text": "S.No",
      "page": 1
    },
    {
      "level": "H2",
      "text": "Name",
      "page": 1
    },
    {
      "level": "H2",
      "text": "Relationship",
      "page": 1
    },
    {
      "level": "H2",
      "text": "Amount of advance required.",
      "page": 1
    },
    {
      "level": "H2",
      "text": "I declare that the particulars furnished above are true and correct to the best of my knowledge.  I",
      "page": 1
    },
    {
      "level": "H2",
      "text": "undertake to produce the tickets for the outward journey within ten days of receipt of the advance.",
      "page": 1
    },
    {
      "level": "H2",
      "text": "In the event of cancellation of the journey or if I fail to produce the tickets within ten days of receipt of",
      "page": 1
    },
    {
      "level": "H2",
      "text": "advance, I undertake to refund the entire advance in one lump sum.",
      "page": 1
    },
    {
      "level": "H2",
      "text": "Date",
      "page": 1
    },
    {
      "level": "H2",
      "text": "Signature of Government Servant.",
      "page": 1
    }
  ]
}