{
  "title": "----------------",
  "outline": [
    {
      "level": "H3",
      "text": "ADDRESS:",
      "page": 1
    },
    {
      "level": "H3",
      "text": "TOPJUMP",
      "page": 1
    },
    {
      "level": "H3",
      "text": "3735",
      "page": 1
    },
    {
      "level": "H3",
      "text": "PARKWAY",
      "page": 1
    },
    {
      "level": "H3",
      "text": "PIGEON FORGE, TN 37863",
      "page": 1
    },
    {
      "level": "H4",
      "text": "(NEAR DIXIE STAMPEDE",
      "page": 1
    },
    {
      "level": "H4",
      "text": "THE PARKWAY)",
      "page": 1
    },
    {
      "level": "H3",
      "text": "RSVP:",
      "page": 1
    },
    {
      "level": "H1",
      "text": "----------------",
      "page": 1
    },
    {
      "level": "H4",
      "text": "CLOSED TOED SHOES",
      "page": 1
    },
    {
      "level": "H4",
      "text": "REQUIRED FOR CLIMBING",
      "page": 1
    },
    {
      "level": "H4",
      "text": "PARENTS",
      "page": 1
    },
    {
      "level": "H4",
      "text": "GUARDIANS NOT ATTENDING THE PARTY,",
      "page": 1
    },
    {
      "level": "H4",
      "text": "PLEASE VISIT",
      "page": 1
    },
    {
      "level": "H4",
      "text": "TOPJUMP.COM",
      "page": 1
    },
    {
      "level": "H4",
      "text": "FILL",
      "page": 1
    },
    {
      "level": "H4",
      "text": "WAIVER",
      "page": 1
    },
    {
      "level": "H4",
      "text": "SO YOUR CHILD CAN ATTEND.",
      "page": 1
    },
    {
      "level": "H1",
      "text": "HOPE",
      "page": 1
    },
    {
      "level": "H1",
      "text": "HERE",
      "page": 1
    },
    {
      "level": "H2",
      "text": "WWW.TOPJUMP.COM",
      "page": 1
    }
  ]
}